-- MySQL dump 10.13  Distrib 8.0.26, for Win64 (x86_64)
--
-- Host: localhost    Database: escolar
-- ------------------------------------------------------
-- Server version	8.0.26

/*!40101 SET @OLD_CHARACTER_SET_CLIENT=@@CHARACTER_SET_CLIENT */;
/*!40101 SET @OLD_CHARACTER_SET_RESULTS=@@CHARACTER_SET_RESULTS */;
/*!40101 SET @OLD_COLLATION_CONNECTION=@@COLLATION_CONNECTION */;
/*!50503 SET NAMES utf8 */;
/*!40103 SET @OLD_TIME_ZONE=@@TIME_ZONE */;
/*!40103 SET TIME_ZONE='+00:00' */;
/*!40014 SET @OLD_UNIQUE_CHECKS=@@UNIQUE_CHECKS, UNIQUE_CHECKS=0 */;
/*!40014 SET @OLD_FOREIGN_KEY_CHECKS=@@FOREIGN_KEY_CHECKS, FOREIGN_KEY_CHECKS=0 */;
/*!40101 SET @OLD_SQL_MODE=@@SQL_MODE, SQL_MODE='NO_AUTO_VALUE_ON_ZERO' */;
/*!40111 SET @OLD_SQL_NOTES=@@SQL_NOTES, SQL_NOTES=0 */;

--
-- Table structure for table `asistencia`
--

DROP TABLE IF EXISTS `asistencia`;
/*!40101 SET @saved_cs_client     = @@character_set_client */;
/*!50503 SET character_set_client = utf8mb4 */;
CREATE TABLE `asistencia` (
  `idAsistencia` int NOT NULL AUTO_INCREMENT,
  `fecha` varchar(255) NOT NULL,
  `claseIdClase` int DEFAULT NULL,
  `estudianteIdEstudiante` int DEFAULT NULL,
  PRIMARY KEY (`idAsistencia`),
  KEY `IDX_Clase_Asistencia` (`claseIdClase`),
  KEY `IDX_Estudiante_Asistencia` (`estudianteIdEstudiante`),
  CONSTRAINT `IDX_Clase_Asistencia` FOREIGN KEY (`claseIdClase`) REFERENCES `clases` (`idClase`) ON DELETE CASCADE ON UPDATE CASCADE,
  CONSTRAINT `IDX_Estudiante_Asistencia` FOREIGN KEY (`estudianteIdEstudiante`) REFERENCES `estudiantes` (`idEstudiante`) ON DELETE CASCADE ON UPDATE CASCADE
) ENGINE=InnoDB AUTO_INCREMENT=2504 DEFAULT CHARSET=utf8mb4 COLLATE=utf8mb4_0900_ai_ci;
/*!40101 SET character_set_client = @saved_cs_client */;

--
-- Dumping data for table `asistencia`
--

LOCK TABLES `asistencia` WRITE;
/*!40000 ALTER TABLE `asistencia` DISABLE KEYS */;
INSERT INTO `asistencia` VALUES (1,'2023-01-03',21,3),(2,'2023-01-03',19,59),(3,'2023-01-03',19,7),(4,'2023-01-03',17,11),(5,'2023-01-03',17,7),(6,'2023-01-03',17,3),(7,'2023-01-03',17,2),(8,'2023-01-03',15,31),(9,'2023-01-03',15,13),(10,'2023-01-03',15,3),(11,'2023-01-03',14,41),(12,'2023-01-03',14,2),(13,'2023-01-03',14,1),(14,'2023-01-03',13,3),(15,'2023-01-03',13,2),(16,'2023-01-03',11,13),(17,'2023-01-03',11,7),(18,'2023-01-03',10,5),(19,'2023-01-03',10,3),(20,'2023-01-03',10,2),(21,'2023-01-03',10,1),(22,'2023-01-03',9,13),(23,'2023-01-03',9,7),(24,'2023-01-03',9,3),(25,'2023-01-03',8,3),(26,'2023-01-03',8,2),(27,'2023-01-03',8,1),(28,'2023-01-03',7,37),(29,'2023-01-03',7,3),(30,'2023-01-03',7,2),(31,'2023-01-03',6,7),(32,'2023-01-03',6,3),(33,'2023-01-03',6,2),(34,'2023-01-03',5,37),(35,'2023-01-03',5,13),(36,'2023-01-03',5,11),(37,'2023-01-03',5,3),(38,'2023-01-03',5,2),(39,'2023-01-03',5,1),(40,'2023-01-03',4,3),(41,'2023-01-03',4,2),(42,'2023-01-03',3,7),(43,'2023-01-03',3,3),(44,'2023-01-03',3,2),(45,'2023-01-03',2,11),(46,'2023-01-03',2,7),(47,'2023-01-03',1,7),(48,'2023-01-03',1,3),(49,'2023-01-03',1,2),(50,'2023-01-03',1,1),(51,'2023-01-05',21,3),(52,'2023-01-05',19,59),(53,'2023-01-05',19,7),(54,'2023-01-05',17,11),(55,'2023-01-05',17,7),(56,'2023-01-05',17,3),(57,'2023-01-05',17,2),(58,'2023-01-05',15,31),(59,'2023-01-05',15,13),(60,'2023-01-05',15,3),(61,'2023-01-05',14,41),(62,'2023-01-05',14,2),(63,'2023-01-05',14,1),(64,'2023-01-05',13,3),(65,'2023-01-05',13,2),(66,'2023-01-05',11,13),(67,'2023-01-05',11,7),(68,'2023-01-05',10,5),(69,'2023-01-05',10,3),(70,'2023-01-05',10,2),(71,'2023-01-05',10,1),(72,'2023-01-05',9,13),(73,'2023-01-05',9,7),(74,'2023-01-05',9,3),(75,'2023-01-05',8,3),(76,'2023-01-05',8,2),(77,'2023-01-05',8,1),(78,'2023-01-05',7,37),(79,'2023-01-05',7,3),(80,'2023-01-05',7,2),(81,'2023-01-05',6,7),(82,'2023-01-05',6,3),(83,'2023-01-05',6,2),(84,'2023-01-05',5,37),(85,'2023-01-05',5,13),(86,'2023-01-05',5,11),(87,'2023-01-05',5,3),(88,'2023-01-05',5,2),(89,'2023-01-05',5,1),(90,'2023-01-05',4,3),(91,'2023-01-05',4,2),(92,'2023-01-05',3,7),(93,'2023-01-05',3,3),(94,'2023-01-05',3,2),(95,'2023-01-05',2,11),(96,'2023-01-05',2,7),(97,'2023-01-05',1,7),(98,'2023-01-05',1,3),(99,'2023-01-05',1,2),(100,'2023-01-05',1,1),(101,'2023-01-07',21,3),(102,'2023-01-07',19,59),(103,'2023-01-07',19,7),(104,'2023-01-07',17,11),(105,'2023-01-07',17,7),(106,'2023-01-07',17,3),(107,'2023-01-07',17,2),(108,'2023-01-07',15,31),(109,'2023-01-07',15,13),(110,'2023-01-07',15,3),(111,'2023-01-07',14,41),(112,'2023-01-07',14,2),(113,'2023-01-07',14,1),(114,'2023-01-07',13,3),(115,'2023-01-07',13,2),(116,'2023-01-07',11,13),(117,'2023-01-07',11,7),(118,'2023-01-07',10,5),(119,'2023-01-07',10,3),(120,'2023-01-07',10,2),(121,'2023-01-07',10,1),(122,'2023-01-07',9,13),(123,'2023-01-07',9,7),(124,'2023-01-07',9,3),(125,'2023-01-07',8,3),(126,'2023-01-07',8,2),(127,'2023-01-07',8,1),(128,'2023-01-07',7,37),(129,'2023-01-07',7,3),(130,'2023-01-07',7,2),(131,'2023-01-07',6,7),(132,'2023-01-07',6,3),(133,'2023-01-07',6,2),(134,'2023-01-07',5,37),(135,'2023-01-07',5,13),(136,'2023-01-07',5,11),(137,'2023-01-07',5,3),(138,'2023-01-07',5,2),(139,'2023-01-07',5,1),(140,'2023-01-07',4,3),(141,'2023-01-07',4,2),(142,'2023-01-07',3,7),(143,'2023-01-07',3,3),(144,'2023-01-07',3,2),(145,'2023-01-07',2,11),(146,'2023-01-07',2,7),(147,'2023-01-07',1,7),(148,'2023-01-07',1,3),(149,'2023-01-07',1,2),(150,'2023-01-07',1,1),(151,'2023-01-11',21,3),(152,'2023-01-11',19,59),(153,'2023-01-11',19,7),(154,'2023-01-11',17,11),(155,'2023-01-11',17,7),(156,'2023-01-11',17,3),(157,'2023-01-11',17,2),(158,'2023-01-11',15,31),(159,'2023-01-11',15,13),(160,'2023-01-11',15,3),(161,'2023-01-11',14,41),(162,'2023-01-11',14,2),(163,'2023-01-11',14,1),(164,'2023-01-11',13,3),(165,'2023-01-11',13,2),(166,'2023-01-11',11,13),(167,'2023-01-11',11,7),(168,'2023-01-11',10,5),(169,'2023-01-11',10,3),(170,'2023-01-11',10,2),(171,'2023-01-11',10,1),(172,'2023-01-11',9,13),(173,'2023-01-11',9,7),(174,'2023-01-11',9,3),(175,'2023-01-11',8,3),(176,'2023-01-11',8,2),(177,'2023-01-11',8,1),(178,'2023-01-11',7,37),(179,'2023-01-11',7,3),(180,'2023-01-11',7,2),(181,'2023-01-11',6,7),(182,'2023-01-11',6,3),(183,'2023-01-11',6,2),(184,'2023-01-11',5,37),(185,'2023-01-11',5,13),(186,'2023-01-11',5,11),(187,'2023-01-11',5,3),(188,'2023-01-11',5,2),(189,'2023-01-11',5,1),(190,'2023-01-11',4,3),(191,'2023-01-11',4,2),(192,'2023-01-11',3,7),(193,'2023-01-11',3,3),(194,'2023-01-11',3,2),(195,'2023-01-11',2,11),(196,'2023-01-11',2,7),(197,'2023-01-11',1,7),(198,'2023-01-11',1,3),(199,'2023-01-11',1,2),(200,'2023-01-11',1,1),(201,'2023-01-13',21,3),(202,'2023-01-13',19,59),(203,'2023-01-13',19,7),(204,'2023-01-13',17,11),(205,'2023-01-13',17,7),(206,'2023-01-13',17,3),(207,'2023-01-13',17,2),(208,'2023-01-13',15,31),(209,'2023-01-13',15,13),(210,'2023-01-13',15,3),(211,'2023-01-13',14,41),(212,'2023-01-13',14,2),(213,'2023-01-13',14,1),(214,'2023-01-13',13,3),(215,'2023-01-13',13,2),(216,'2023-01-13',11,13),(217,'2023-01-13',11,7),(218,'2023-01-13',10,5),(219,'2023-01-13',10,3),(220,'2023-01-13',10,2),(221,'2023-01-13',10,1),(222,'2023-01-13',9,13),(223,'2023-01-13',9,7),(224,'2023-01-13',9,3),(225,'2023-01-13',8,3),(226,'2023-01-13',8,2),(227,'2023-01-13',8,1),(228,'2023-01-13',7,37),(229,'2023-01-13',7,3),(230,'2023-01-13',7,2),(231,'2023-01-13',6,7),(232,'2023-01-13',6,3),(233,'2023-01-13',6,2),(234,'2023-01-13',5,37),(235,'2023-01-13',5,13),(236,'2023-01-13',5,11),(237,'2023-01-13',5,3),(238,'2023-01-13',5,2),(239,'2023-01-13',5,1),(240,'2023-01-13',4,3),(241,'2023-01-13',4,2),(242,'2023-01-13',3,7),(243,'2023-01-13',3,3),(244,'2023-01-13',3,2),(245,'2023-01-13',2,11),(246,'2023-01-13',2,7),(247,'2023-01-13',1,7),(248,'2023-01-13',1,3),(249,'2023-01-13',1,2),(250,'2023-01-13',1,1),(251,'2023-01-17',21,3),(252,'2023-01-17',19,59),(253,'2023-01-17',19,7),(254,'2023-01-17',17,11),(255,'2023-01-17',17,7),(256,'2023-01-17',17,3),(257,'2023-01-17',17,2),(258,'2023-01-17',15,31),(259,'2023-01-17',15,13),(260,'2023-01-17',15,3),(261,'2023-01-17',14,41),(262,'2023-01-17',14,2),(263,'2023-01-17',14,1),(264,'2023-01-17',13,3),(265,'2023-01-17',13,2),(266,'2023-01-17',11,13),(267,'2023-01-17',11,7),(268,'2023-01-17',10,5),(269,'2023-01-17',10,3),(270,'2023-01-17',10,2),(271,'2023-01-17',10,1),(272,'2023-01-17',9,13),(273,'2023-01-17',9,7),(274,'2023-01-17',9,3),(275,'2023-01-17',8,3),(276,'2023-01-17',8,2),(277,'2023-01-17',8,1),(278,'2023-01-17',7,37),(279,'2023-01-17',7,3),(280,'2023-01-17',7,2),(281,'2023-01-17',6,7),(282,'2023-01-17',6,3),(283,'2023-01-17',6,2),(284,'2023-01-17',5,37),(285,'2023-01-17',5,13),(286,'2023-01-17',5,11),(287,'2023-01-17',5,3),(288,'2023-01-17',5,2),(289,'2023-01-17',5,1),(290,'2023-01-17',4,3),(291,'2023-01-17',4,2),(292,'2023-01-17',3,7),(293,'2023-01-17',3,3),(294,'2023-01-17',3,2),(295,'2023-01-17',2,11),(296,'2023-01-17',2,7),(297,'2023-01-17',1,7),(298,'2023-01-17',1,3),(299,'2023-01-17',1,2),(300,'2023-01-17',1,1),(301,'2023-01-19',21,3),(302,'2023-01-19',19,59),(303,'2023-01-19',19,7),(304,'2023-01-19',17,11),(305,'2023-01-19',17,7),(306,'2023-01-19',17,3),(307,'2023-01-19',17,2),(308,'2023-01-19',15,31),(309,'2023-01-19',15,13),(310,'2023-01-19',15,3),(311,'2023-01-19',14,41),(312,'2023-01-19',14,2),(313,'2023-01-19',14,1),(314,'2023-01-19',13,3),(315,'2023-01-19',13,2),(316,'2023-01-19',11,13),(317,'2023-01-19',11,7),(318,'2023-01-19',10,5),(319,'2023-01-19',10,3),(320,'2023-01-19',10,2),(321,'2023-01-19',10,1),(322,'2023-01-19',9,13),(323,'2023-01-19',9,7),(324,'2023-01-19',9,3),(325,'2023-01-19',8,3),(326,'2023-01-19',8,2),(327,'2023-01-19',8,1),(328,'2023-01-19',7,37),(329,'2023-01-19',7,3),(330,'2023-01-19',7,2),(331,'2023-01-19',6,7),(332,'2023-01-19',6,3),(333,'2023-01-19',6,2),(334,'2023-01-19',5,37),(335,'2023-01-19',5,13),(336,'2023-01-19',5,11),(337,'2023-01-19',5,3),(338,'2023-01-19',5,2),(339,'2023-01-19',5,1),(340,'2023-01-19',4,3),(341,'2023-01-19',4,2),(342,'2023-01-19',3,7),(343,'2023-01-19',3,3),(344,'2023-01-19',3,2),(345,'2023-01-19',2,11),(346,'2023-01-19',2,7),(347,'2023-01-19',1,7),(348,'2023-01-19',1,3),(349,'2023-01-19',1,2),(350,'2023-01-19',1,1),(351,'2023-01-31',21,3),(352,'2023-01-31',19,59),(353,'2023-01-31',19,7),(354,'2023-01-31',17,11),(355,'2023-01-31',17,7),(356,'2023-01-31',17,3),(357,'2023-01-31',17,2),(358,'2023-01-31',15,31),(359,'2023-01-31',15,13),(360,'2023-01-31',15,3),(361,'2023-01-31',14,41),(362,'2023-01-31',14,2),(363,'2023-01-31',14,1),(364,'2023-01-31',13,3),(365,'2023-01-31',13,2),(366,'2023-01-31',11,13),(367,'2023-01-31',11,7),(368,'2023-01-31',10,5),(369,'2023-01-31',10,3),(370,'2023-01-31',10,2),(371,'2023-01-31',10,1),(372,'2023-01-31',9,13),(373,'2023-01-31',9,7),(374,'2023-01-31',9,3),(375,'2023-01-31',8,3),(376,'2023-01-31',8,2),(377,'2023-01-31',8,1),(378,'2023-01-31',7,37),(379,'2023-01-31',7,3),(380,'2023-01-31',7,2),(381,'2023-01-31',6,7),(382,'2023-01-31',6,3),(383,'2023-01-31',6,2),(384,'2023-01-31',5,37),(385,'2023-01-31',5,13),(386,'2023-01-31',5,11),(387,'2023-01-31',5,3),(388,'2023-01-31',5,2),(389,'2023-01-31',5,1),(390,'2023-01-31',4,3),(391,'2023-01-31',4,2),(392,'2023-01-31',3,7),(393,'2023-01-31',3,3),(394,'2023-01-31',3,2),(395,'2023-01-31',2,11),(396,'2023-01-31',2,7),(397,'2023-01-31',1,7),(398,'2023-01-31',1,3),(399,'2023-01-31',1,2),(400,'2023-01-31',1,1),(401,'2023-02-10',21,3),(402,'2023-02-10',19,59),(403,'2023-02-10',19,7),(404,'2023-02-10',17,11),(405,'2023-02-10',17,7),(406,'2023-02-10',17,3),(407,'2023-02-10',17,2),(408,'2023-02-10',15,31),(409,'2023-02-10',15,13),(410,'2023-02-10',15,3),(411,'2023-02-10',14,41),(412,'2023-02-10',14,2),(413,'2023-02-10',14,1),(414,'2023-02-10',13,3),(415,'2023-02-10',13,2),(416,'2023-02-10',11,13),(417,'2023-02-10',11,7),(418,'2023-02-10',10,5),(419,'2023-02-10',10,3),(420,'2023-02-10',10,2),(421,'2023-02-10',10,1),(422,'2023-02-10',9,13),(423,'2023-02-10',9,7),(424,'2023-02-10',9,3),(425,'2023-02-10',8,3),(426,'2023-02-10',8,2),(427,'2023-02-10',8,1),(428,'2023-02-10',7,37),(429,'2023-02-10',7,3),(430,'2023-02-10',7,2),(431,'2023-02-10',6,7),(432,'2023-02-10',6,3),(433,'2023-02-10',6,2),(434,'2023-02-10',5,37),(435,'2023-02-10',5,13),(436,'2023-02-10',5,11),(437,'2023-02-10',5,3),(438,'2023-02-10',5,2),(439,'2023-02-10',5,1),(440,'2023-02-10',4,3),(441,'2023-02-10',4,2),(442,'2023-02-10',3,7),(443,'2023-02-10',3,3),(444,'2023-02-10',3,2),(445,'2023-02-10',2,11),(446,'2023-02-10',2,7),(447,'2023-02-10',1,7),(448,'2023-02-10',1,3),(449,'2023-02-10',1,2),(450,'2023-02-10',1,1),(451,'2023-02-16',21,3),(452,'2023-02-16',19,59),(453,'2023-02-16',19,7),(454,'2023-02-16',17,11),(455,'2023-02-16',17,7),(456,'2023-02-16',17,3),(457,'2023-02-16',17,2),(458,'2023-02-16',15,31),(459,'2023-02-16',15,13),(460,'2023-02-16',15,3),(461,'2023-02-16',14,41),(462,'2023-02-16',14,2),(463,'2023-02-16',14,1),(464,'2023-02-16',13,3),(465,'2023-02-16',13,2),(466,'2023-02-16',11,13),(467,'2023-02-16',11,7),(468,'2023-02-16',10,5),(469,'2023-02-16',10,3),(470,'2023-02-16',10,2),(471,'2023-02-16',10,1),(472,'2023-02-16',9,13),(473,'2023-02-16',9,7),(474,'2023-02-16',9,3),(475,'2023-02-16',8,3),(476,'2023-02-16',8,2),(477,'2023-02-16',8,1),(478,'2023-02-16',7,37),(479,'2023-02-16',7,3),(480,'2023-02-16',7,2),(481,'2023-02-16',6,7),(482,'2023-02-16',6,3),(483,'2023-02-16',6,2),(484,'2023-02-16',5,37),(485,'2023-02-16',5,13),(486,'2023-02-16',5,11),(487,'2023-02-16',5,3),(488,'2023-02-16',5,2),(489,'2023-02-16',5,1),(490,'2023-02-16',4,3),(491,'2023-02-16',4,2),(492,'2023-02-16',3,7),(493,'2023-02-16',3,3),(494,'2023-02-16',3,2),(495,'2023-02-16',2,11),(496,'2023-02-16',2,7),(497,'2023-02-16',1,7),(498,'2023-02-16',1,3),(499,'2023-02-16',1,2),(500,'2023-02-16',1,1),(501,'2023-02-22',21,3),(502,'2023-02-22',19,59),(503,'2023-02-22',19,7),(504,'2023-02-22',17,11),(505,'2023-02-22',17,7),(506,'2023-02-22',17,3),(507,'2023-02-22',17,2),(508,'2023-02-22',15,31),(509,'2023-02-22',15,13),(510,'2023-02-22',15,3),(511,'2023-02-22',14,41),(512,'2023-02-22',14,2),(513,'2023-02-22',14,1),(514,'2023-02-22',13,3),(515,'2023-02-22',13,2),(516,'2023-02-22',11,13),(517,'2023-02-22',11,7),(518,'2023-02-22',10,5),(519,'2023-02-22',10,3),(520,'2023-02-22',10,2),(521,'2023-02-22',10,1),(522,'2023-02-22',9,13),(523,'2023-02-22',9,7),(524,'2023-02-22',9,3),(525,'2023-02-22',8,3),(526,'2023-02-22',8,2),(527,'2023-02-22',8,1),(528,'2023-02-22',7,37),(529,'2023-02-22',7,3),(530,'2023-02-22',7,2),(531,'2023-02-22',6,7),(532,'2023-02-22',6,3),(533,'2023-02-22',6,2),(534,'2023-02-22',5,37),(535,'2023-02-22',5,13),(536,'2023-02-22',5,11),(537,'2023-02-22',5,3),(538,'2023-02-22',5,2),(539,'2023-02-22',5,1),(540,'2023-02-22',4,3),(541,'2023-02-22',4,2),(542,'2023-02-22',3,7),(543,'2023-02-22',3,3),(544,'2023-02-22',3,2),(545,'2023-02-22',2,11),(546,'2023-02-22',2,7),(547,'2023-02-22',1,7),(548,'2023-02-22',1,3),(549,'2023-02-22',1,2),(550,'2023-02-22',1,1),(551,'2023-02-28',21,3),(552,'2023-02-28',19,59),(553,'2023-02-28',19,7),(554,'2023-02-28',17,11),(555,'2023-02-28',17,7),(556,'2023-02-28',17,3),(557,'2023-02-28',17,2),(558,'2023-02-28',15,31),(559,'2023-02-28',15,13),(560,'2023-02-28',15,3),(561,'2023-02-28',14,41),(562,'2023-02-28',14,2),(563,'2023-02-28',14,1),(564,'2023-02-28',13,3),(565,'2023-02-28',13,2),(566,'2023-02-28',11,13),(567,'2023-02-28',11,7),(568,'2023-02-28',10,5),(569,'2023-02-28',10,3),(570,'2023-02-28',10,2),(571,'2023-02-28',10,1),(572,'2023-02-28',9,13),(573,'2023-02-28',9,7),(574,'2023-02-28',9,3),(575,'2023-02-28',8,3),(576,'2023-02-28',8,2),(577,'2023-02-28',8,1),(578,'2023-02-28',7,37),(579,'2023-02-28',7,3),(580,'2023-02-28',7,2),(581,'2023-02-28',6,7),(582,'2023-02-28',6,3),(583,'2023-02-28',6,2),(584,'2023-02-28',5,37),(585,'2023-02-28',5,13),(586,'2023-02-28',5,11),(587,'2023-02-28',5,3),(588,'2023-02-28',5,2),(589,'2023-02-28',5,1),(590,'2023-02-28',4,3),(591,'2023-02-28',4,2),(592,'2023-02-28',3,7),(593,'2023-02-28',3,3),(594,'2023-02-28',3,2),(595,'2023-02-28',2,11),(596,'2023-02-28',2,7),(597,'2023-02-28',1,7),(598,'2023-02-28',1,3),(599,'2023-02-28',1,2),(600,'2023-02-28',1,1),(601,'2023-03-02',21,3),(602,'2023-03-02',19,59),(603,'2023-03-02',19,7),(604,'2023-03-02',17,11),(605,'2023-03-02',17,7),(606,'2023-03-02',17,3),(607,'2023-03-02',17,2),(608,'2023-03-02',15,31),(609,'2023-03-02',15,13),(610,'2023-03-02',15,3),(611,'2023-03-02',14,41),(612,'2023-03-02',14,2),(613,'2023-03-02',14,1),(614,'2023-03-02',13,3),(615,'2023-03-02',13,2),(616,'2023-03-02',11,13),(617,'2023-03-02',11,7),(618,'2023-03-02',10,5),(619,'2023-03-02',10,3),(620,'2023-03-02',10,2),(621,'2023-03-02',10,1),(622,'2023-03-02',9,13),(623,'2023-03-02',9,7),(624,'2023-03-02',9,3),(625,'2023-03-02',8,3),(626,'2023-03-02',8,2),(627,'2023-03-02',8,1),(628,'2023-03-02',7,37),(629,'2023-03-02',7,3),(630,'2023-03-02',7,2),(631,'2023-03-02',6,7),(632,'2023-03-02',6,3),(633,'2023-03-02',6,2),(634,'2023-03-02',5,37),(635,'2023-03-02',5,13),(636,'2023-03-02',5,11),(637,'2023-03-02',5,3),(638,'2023-03-02',5,2),(639,'2023-03-02',5,1),(640,'2023-03-02',4,3),(641,'2023-03-02',4,2),(642,'2023-03-02',3,7),(643,'2023-03-02',3,3),(644,'2023-03-02',3,2),(645,'2023-03-02',2,11),(646,'2023-03-02',2,7),(647,'2023-03-02',1,7),(648,'2023-03-02',1,3),(649,'2023-03-02',1,2),(650,'2023-03-02',1,1),(651,'2023-03-08',21,3),(652,'2023-03-08',19,59),(653,'2023-03-08',19,7),(654,'2023-03-08',17,11),(655,'2023-03-08',17,7),(656,'2023-03-08',17,3),(657,'2023-03-08',17,2),(658,'2023-03-08',15,31),(659,'2023-03-08',15,13),(660,'2023-03-08',15,3),(661,'2023-03-08',14,41),(662,'2023-03-08',14,2),(663,'2023-03-08',14,1),(664,'2023-03-08',13,3),(665,'2023-03-08',13,2),(666,'2023-03-08',11,13),(667,'2023-03-08',11,7),(668,'2023-03-08',10,5),(669,'2023-03-08',10,3),(670,'2023-03-08',10,2),(671,'2023-03-08',10,1),(672,'2023-03-08',9,13),(673,'2023-03-08',9,7),(674,'2023-03-08',9,3),(675,'2023-03-08',8,3),(676,'2023-03-08',8,2),(677,'2023-03-08',8,1),(678,'2023-03-08',7,37),(679,'2023-03-08',7,3),(680,'2023-03-08',7,2),(681,'2023-03-08',6,7),(682,'2023-03-08',6,3),(683,'2023-03-08',6,2),(684,'2023-03-08',5,37),(685,'2023-03-08',5,13),(686,'2023-03-08',5,11),(687,'2023-03-08',5,3),(688,'2023-03-08',5,2),(689,'2023-03-08',5,1),(690,'2023-03-08',4,3),(691,'2023-03-08',4,2),(692,'2023-03-08',3,7),(693,'2023-03-08',3,3),(694,'2023-03-08',3,2),(695,'2023-03-08',2,11),(696,'2023-03-08',2,7),(697,'2023-03-08',1,7),(698,'2023-03-08',1,3),(699,'2023-03-08',1,2),(700,'2023-03-08',1,1),(701,'2023-03-14',21,3),(702,'2023-03-14',19,59),(703,'2023-03-14',19,7),(704,'2023-03-14',17,11),(705,'2023-03-14',17,7),(706,'2023-03-14',17,3),(707,'2023-03-14',17,2),(708,'2023-03-14',15,31),(709,'2023-03-14',15,13),(710,'2023-03-14',15,3),(711,'2023-03-14',14,41),(712,'2023-03-14',14,2),(713,'2023-03-14',14,1),(714,'2023-03-14',13,3),(715,'2023-03-14',13,2),(716,'2023-03-14',11,13),(717,'2023-03-14',11,7),(718,'2023-03-14',10,5),(719,'2023-03-14',10,3),(720,'2023-03-14',10,2),(721,'2023-03-14',10,1),(722,'2023-03-14',9,13),(723,'2023-03-14',9,7),(724,'2023-03-14',9,3),(725,'2023-03-14',8,3),(726,'2023-03-14',8,2),(727,'2023-03-14',8,1),(728,'2023-03-14',7,37),(729,'2023-03-14',7,3),(730,'2023-03-14',7,2),(731,'2023-03-14',6,7),(732,'2023-03-14',6,3),(733,'2023-03-14',6,2),(734,'2023-03-14',5,37),(735,'2023-03-14',5,13),(736,'2023-03-14',5,11),(737,'2023-03-14',5,3),(738,'2023-03-14',5,2),(739,'2023-03-14',5,1),(740,'2023-03-14',4,3),(741,'2023-03-14',4,2),(742,'2023-03-14',3,7),(743,'2023-03-14',3,3),(744,'2023-03-14',3,2),(745,'2023-03-14',2,11),(746,'2023-03-14',2,7),(747,'2023-03-14',1,7),(748,'2023-03-14',1,3),(749,'2023-03-14',1,2),(750,'2023-03-14',1,1),(751,'2023-03-24',21,3),(752,'2023-03-24',19,59),(753,'2023-03-24',19,7),(754,'2023-03-24',17,11),(755,'2023-03-24',17,7),(756,'2023-03-24',17,3),(757,'2023-03-24',17,2),(758,'2023-03-24',15,31),(759,'2023-03-24',15,13),(760,'2023-03-24',15,3),(761,'2023-03-24',14,41),(762,'2023-03-24',14,2),(763,'2023-03-24',14,1),(764,'2023-03-24',13,3),(765,'2023-03-24',13,2),(766,'2023-03-24',11,13),(767,'2023-03-24',11,7),(768,'2023-03-24',10,5),(769,'2023-03-24',10,3),(770,'2023-03-24',10,2),(771,'2023-03-24',10,1),(772,'2023-03-24',9,13),(773,'2023-03-24',9,7),(774,'2023-03-24',9,3),(775,'2023-03-24',8,3),(776,'2023-03-24',8,2),(777,'2023-03-24',8,1),(778,'2023-03-24',7,37),(779,'2023-03-24',7,3),(780,'2023-03-24',7,2),(781,'2023-03-24',6,7),(782,'2023-03-24',6,3),(783,'2023-03-24',6,2),(784,'2023-03-24',5,37),(785,'2023-03-24',5,13),(786,'2023-03-24',5,11),(787,'2023-03-24',5,3),(788,'2023-03-24',5,2),(789,'2023-03-24',5,1),(790,'2023-03-24',4,3),(791,'2023-03-24',4,2),(792,'2023-03-24',3,7),(793,'2023-03-24',3,3),(794,'2023-03-24',3,2),(795,'2023-03-24',2,11),(796,'2023-03-24',2,7),(797,'2023-03-24',1,7),(798,'2023-03-24',1,3),(799,'2023-03-24',1,2),(800,'2023-03-24',1,1),(801,'2023-03-30',21,3),(802,'2023-03-30',19,59),(803,'2023-03-30',19,7),(804,'2023-03-30',17,11),(805,'2023-03-30',17,7),(806,'2023-03-30',17,3),(807,'2023-03-30',17,2),(808,'2023-03-30',15,31),(809,'2023-03-30',15,13),(810,'2023-03-30',15,3),(811,'2023-03-30',14,41),(812,'2023-03-30',14,2),(813,'2023-03-30',14,1),(814,'2023-03-30',13,3),(815,'2023-03-30',13,2),(816,'2023-03-30',11,13),(817,'2023-03-30',11,7),(818,'2023-03-30',10,5),(819,'2023-03-30',10,3),(820,'2023-03-30',10,2),(821,'2023-03-30',10,1),(822,'2023-03-30',9,13),(823,'2023-03-30',9,7),(824,'2023-03-30',9,3),(825,'2023-03-30',8,3),(826,'2023-03-30',8,2),(827,'2023-03-30',8,1),(828,'2023-03-30',7,37),(829,'2023-03-30',7,3),(830,'2023-03-30',7,2),(831,'2023-03-30',6,7),(832,'2023-03-30',6,3),(833,'2023-03-30',6,2),(834,'2023-03-30',5,37),(835,'2023-03-30',5,13),(836,'2023-03-30',5,11),(837,'2023-03-30',5,3),(838,'2023-03-30',5,2),(839,'2023-03-30',5,1),(840,'2023-03-30',4,3),(841,'2023-03-30',4,2),(842,'2023-03-30',3,7),(843,'2023-03-30',3,3),(844,'2023-03-30',3,2),(845,'2023-03-30',2,11),(846,'2023-03-30',2,7),(847,'2023-03-30',1,7),(848,'2023-03-30',1,3),(849,'2023-03-30',1,2),(850,'2023-03-30',1,1),(851,'2023-04-07',21,3),(852,'2023-04-07',19,59),(853,'2023-04-07',19,7),(854,'2023-04-07',17,11),(855,'2023-04-07',17,7),(856,'2023-04-07',17,3),(857,'2023-04-07',17,2),(858,'2023-04-07',15,31),(859,'2023-04-07',15,13),(860,'2023-04-07',15,3),(861,'2023-04-07',14,41),(862,'2023-04-07',14,2),(863,'2023-04-07',14,1),(864,'2023-04-07',13,3),(865,'2023-04-07',13,2),(866,'2023-04-07',11,13),(867,'2023-04-07',11,7),(868,'2023-04-07',10,5),(869,'2023-04-07',10,3),(870,'2023-04-07',10,2),(871,'2023-04-07',10,1),(872,'2023-04-07',9,13),(873,'2023-04-07',9,7),(874,'2023-04-07',9,3),(875,'2023-04-07',8,3),(876,'2023-04-07',8,2),(877,'2023-04-07',8,1),(878,'2023-04-07',7,37),(879,'2023-04-07',7,3),(880,'2023-04-07',7,2),(881,'2023-04-07',6,7),(882,'2023-04-07',6,3),(883,'2023-04-07',6,2),(884,'2023-04-07',5,37),(885,'2023-04-07',5,13),(886,'2023-04-07',5,11),(887,'2023-04-07',5,3),(888,'2023-04-07',5,2),(889,'2023-04-07',5,1),(890,'2023-04-07',4,3),(891,'2023-04-07',4,2),(892,'2023-04-07',3,7),(893,'2023-04-07',3,3),(894,'2023-04-07',3,2),(895,'2023-04-07',2,11),(896,'2023-04-07',2,7),(897,'2023-04-07',1,7),(898,'2023-04-07',1,3),(899,'2023-04-07',1,2),(900,'2023-04-07',1,1),(901,'2023-04-11',21,3),(902,'2023-04-11',19,59),(903,'2023-04-11',19,7),(904,'2023-04-11',17,11),(905,'2023-04-11',17,7),(906,'2023-04-11',17,3),(907,'2023-04-11',17,2),(908,'2023-04-11',15,31),(909,'2023-04-11',15,13),(910,'2023-04-11',15,3),(911,'2023-04-11',14,41),(912,'2023-04-11',14,2),(913,'2023-04-11',14,1),(914,'2023-04-11',13,3),(915,'2023-04-11',13,2),(916,'2023-04-11',11,13),(917,'2023-04-11',11,7),(918,'2023-04-11',10,5),(919,'2023-04-11',10,3),(920,'2023-04-11',10,2),(921,'2023-04-11',10,1),(922,'2023-04-11',9,13),(923,'2023-04-11',9,7),(924,'2023-04-11',9,3),(925,'2023-04-11',8,3),(926,'2023-04-11',8,2),(927,'2023-04-11',8,1),(928,'2023-04-11',7,37),(929,'2023-04-11',7,3),(930,'2023-04-11',7,2),(931,'2023-04-11',6,7),(932,'2023-04-11',6,3),(933,'2023-04-11',6,2),(934,'2023-04-11',5,37),(935,'2023-04-11',5,13),(936,'2023-04-11',5,11),(937,'2023-04-11',5,3),(938,'2023-04-11',5,2),(939,'2023-04-11',5,1),(940,'2023-04-11',4,3),(941,'2023-04-11',4,2),(942,'2023-04-11',3,7),(943,'2023-04-11',3,3),(944,'2023-04-11',3,2),(945,'2023-04-11',2,11),(946,'2023-04-11',2,7),(947,'2023-04-11',1,7),(948,'2023-04-11',1,3),(949,'2023-04-11',1,2),(950,'2023-04-11',1,1),(951,'2023-04-13',21,3),(952,'2023-04-13',19,59),(953,'2023-04-13',19,7),(954,'2023-04-13',17,11),(955,'2023-04-13',17,7),(956,'2023-04-13',17,3),(957,'2023-04-13',17,2),(958,'2023-04-13',15,31),(959,'2023-04-13',15,13),(960,'2023-04-13',15,3),(961,'2023-04-13',14,41),(962,'2023-04-13',14,2),(963,'2023-04-13',14,1),(964,'2023-04-13',13,3),(965,'2023-04-13',13,2),(966,'2023-04-13',11,13),(967,'2023-04-13',11,7),(968,'2023-04-13',10,5),(969,'2023-04-13',10,3),(970,'2023-04-13',10,2),(971,'2023-04-13',10,1),(972,'2023-04-13',9,13),(973,'2023-04-13',9,7),(974,'2023-04-13',9,3),(975,'2023-04-13',8,3),(976,'2023-04-13',8,2),(977,'2023-04-13',8,1),(978,'2023-04-13',7,37),(979,'2023-04-13',7,3),(980,'2023-04-13',7,2),(981,'2023-04-13',6,7),(982,'2023-04-13',6,3),(983,'2023-04-13',6,2),(984,'2023-04-13',5,37),(985,'2023-04-13',5,13),(986,'2023-04-13',5,11),(987,'2023-04-13',5,3),(988,'2023-04-13',5,2),(989,'2023-04-13',5,1),(990,'2023-04-13',4,3),(991,'2023-04-13',4,2),(992,'2023-04-13',3,7),(993,'2023-04-13',3,3),(994,'2023-04-13',3,2),(995,'2023-04-13',2,11),(996,'2023-04-13',2,7),(997,'2023-04-13',1,7),(998,'2023-04-13',1,3),(999,'2023-04-13',1,2),(1000,'2023-04-13',1,1),(1001,'2023-04-19',21,3),(1002,'2023-04-19',19,59),(1003,'2023-04-19',19,7),(1004,'2023-04-19',17,11),(1005,'2023-04-19',17,7),(1006,'2023-04-19',17,3),(1007,'2023-04-19',17,2),(1008,'2023-04-19',15,31),(1009,'2023-04-19',15,13),(1010,'2023-04-19',15,3),(1011,'2023-04-19',14,41),(1012,'2023-04-19',14,2),(1013,'2023-04-19',14,1),(1014,'2023-04-19',13,3),(1015,'2023-04-19',13,2),(1016,'2023-04-19',11,13),(1017,'2023-04-19',11,7),(1018,'2023-04-19',10,5),(1019,'2023-04-19',10,3),(1020,'2023-04-19',10,2),(1021,'2023-04-19',10,1),(1022,'2023-04-19',9,13),(1023,'2023-04-19',9,7),(1024,'2023-04-19',9,3),(1025,'2023-04-19',8,3),(1026,'2023-04-19',8,2),(1027,'2023-04-19',8,1),(1028,'2023-04-19',7,37),(1029,'2023-04-19',7,3),(1030,'2023-04-19',7,2),(1031,'2023-04-19',6,7),(1032,'2023-04-19',6,3),(1033,'2023-04-19',6,2),(1034,'2023-04-19',5,37),(1035,'2023-04-19',5,13),(1036,'2023-04-19',5,11),(1037,'2023-04-19',5,3),(1038,'2023-04-19',5,2),(1039,'2023-04-19',5,1),(1040,'2023-04-19',4,3),(1041,'2023-04-19',4,2),(1042,'2023-04-19',3,7),(1043,'2023-04-19',3,3),(1044,'2023-04-19',3,2),(1045,'2023-04-19',2,11),(1046,'2023-04-19',2,7),(1047,'2023-04-19',1,7),(1048,'2023-04-19',1,3),(1049,'2023-04-19',1,2),(1050,'2023-04-19',1,1),(1051,'2023-05-11',21,3),(1052,'2023-05-11',19,59),(1053,'2023-05-11',19,7),(1054,'2023-05-11',17,11),(1055,'2023-05-11',17,7),(1056,'2023-05-11',17,3),(1057,'2023-05-11',17,2),(1058,'2023-05-11',15,31),(1059,'2023-05-11',15,13),(1060,'2023-05-11',15,3),(1061,'2023-05-11',14,41),(1062,'2023-05-11',14,2),(1063,'2023-05-11',14,1),(1064,'2023-05-11',13,3),(1065,'2023-05-11',13,2),(1066,'2023-05-11',11,13),(1067,'2023-05-11',11,7),(1068,'2023-05-11',10,5),(1069,'2023-05-11',10,3),(1070,'2023-05-11',10,2),(1071,'2023-05-11',10,1),(1072,'2023-05-11',9,13),(1073,'2023-05-11',9,7),(1074,'2023-05-11',9,3),(1075,'2023-05-11',8,3),(1076,'2023-05-11',8,2),(1077,'2023-05-11',8,1),(1078,'2023-05-11',7,37),(1079,'2023-05-11',7,3),(1080,'2023-05-11',7,2),(1081,'2023-05-11',6,7),(1082,'2023-05-11',6,3),(1083,'2023-05-11',6,2),(1084,'2023-05-11',5,37),(1085,'2023-05-11',5,13),(1086,'2023-05-11',5,11),(1087,'2023-05-11',5,3),(1088,'2023-05-11',5,2),(1089,'2023-05-11',5,1),(1090,'2023-05-11',4,3),(1091,'2023-05-11',4,2),(1092,'2023-05-11',3,7),(1093,'2023-05-11',3,3),(1094,'2023-05-11',3,2),(1095,'2023-05-11',2,11),(1096,'2023-05-11',2,7),(1097,'2023-05-11',1,7),(1098,'2023-05-11',1,3),(1099,'2023-05-11',1,2),(1100,'2023-05-11',1,1),(1101,'2023-05-17',21,3),(1102,'2023-05-17',19,59),(1103,'2023-05-17',19,7),(1104,'2023-05-17',17,11),(1105,'2023-05-17',17,7),(1106,'2023-05-17',17,3),(1107,'2023-05-17',17,2),(1108,'2023-05-17',15,31),(1109,'2023-05-17',15,13),(1110,'2023-05-17',15,3),(1111,'2023-05-17',14,41),(1112,'2023-05-17',14,2),(1113,'2023-05-17',14,1),(1114,'2023-05-17',13,3),(1115,'2023-05-17',13,2),(1116,'2023-05-17',11,13),(1117,'2023-05-17',11,7),(1118,'2023-05-17',10,5),(1119,'2023-05-17',10,3),(1120,'2023-05-17',10,2),(1121,'2023-05-17',10,1),(1122,'2023-05-17',9,13),(1123,'2023-05-17',9,7),(1124,'2023-05-17',9,3),(1125,'2023-05-17',8,3),(1126,'2023-05-17',8,2),(1127,'2023-05-17',8,1),(1128,'2023-05-17',7,37),(1129,'2023-05-17',7,3),(1130,'2023-05-17',7,2),(1131,'2023-05-17',6,7),(1132,'2023-05-17',6,3),(1133,'2023-05-17',6,2),(1134,'2023-05-17',5,37),(1135,'2023-05-17',5,13),(1136,'2023-05-17',5,11),(1137,'2023-05-17',5,3),(1138,'2023-05-17',5,2),(1139,'2023-05-17',5,1),(1140,'2023-05-17',4,3),(1141,'2023-05-17',4,2),(1142,'2023-05-17',3,7),(1143,'2023-05-17',3,3),(1144,'2023-05-17',3,2),(1145,'2023-05-17',2,11),(1146,'2023-05-17',2,7),(1147,'2023-05-17',1,7),(1148,'2023-05-17',1,3),(1149,'2023-05-17',1,2),(1150,'2023-05-17',1,1),(1151,'2023-05-19',21,3),(1152,'2023-05-19',19,59),(1153,'2023-05-19',19,7),(1154,'2023-05-19',17,11),(1155,'2023-05-19',17,7),(1156,'2023-05-19',17,3),(1157,'2023-05-19',17,2),(1158,'2023-05-19',15,31),(1159,'2023-05-19',15,13),(1160,'2023-05-19',15,3),(1161,'2023-05-19',14,41),(1162,'2023-05-19',14,2),(1163,'2023-05-19',14,1),(1164,'2023-05-19',13,3),(1165,'2023-05-19',13,2),(1166,'2023-05-19',11,13),(1167,'2023-05-19',11,7),(1168,'2023-05-19',10,5),(1169,'2023-05-19',10,3),(1170,'2023-05-19',10,2),(1171,'2023-05-19',10,1),(1172,'2023-05-19',9,13),(1173,'2023-05-19',9,7),(1174,'2023-05-19',9,3),(1175,'2023-05-19',8,3),(1176,'2023-05-19',8,2),(1177,'2023-05-19',8,1),(1178,'2023-05-19',7,37),(1179,'2023-05-19',7,3),(1180,'2023-05-19',7,2),(1181,'2023-05-19',6,7),(1182,'2023-05-19',6,3),(1183,'2023-05-19',6,2),(1184,'2023-05-19',5,37),(1185,'2023-05-19',5,13),(1186,'2023-05-19',5,11),(1187,'2023-05-19',5,3),(1188,'2023-05-19',5,2),(1189,'2023-05-19',5,1),(1190,'2023-05-19',4,3),(1191,'2023-05-19',4,2),(1192,'2023-05-19',3,7),(1193,'2023-05-19',3,3),(1194,'2023-05-19',3,2),(1195,'2023-05-19',2,11),(1196,'2023-05-19',2,7),(1197,'2023-05-19',1,7),(1198,'2023-05-19',1,3),(1199,'2023-05-19',1,2),(1200,'2023-05-19',1,1),(1201,'2023-05-31',21,3),(1202,'2023-05-31',19,59),(1203,'2023-05-31',19,7),(1204,'2023-05-31',17,11),(1205,'2023-05-31',17,7),(1206,'2023-05-31',17,3),(1207,'2023-05-31',17,2),(1208,'2023-05-31',15,31),(1209,'2023-05-31',15,13),(1210,'2023-05-31',15,3),(1211,'2023-05-31',14,41),(1212,'2023-05-31',14,2),(1213,'2023-05-31',14,1),(1214,'2023-05-31',13,3),(1215,'2023-05-31',13,2),(1216,'2023-05-31',11,13),(1217,'2023-05-31',11,7),(1218,'2023-05-31',10,5),(1219,'2023-05-31',10,3),(1220,'2023-05-31',10,2),(1221,'2023-05-31',10,1),(1222,'2023-05-31',9,13),(1223,'2023-05-31',9,7),(1224,'2023-05-31',9,3),(1225,'2023-05-31',8,3),(1226,'2023-05-31',8,2),(1227,'2023-05-31',8,1),(1228,'2023-05-31',7,37),(1229,'2023-05-31',7,3),(1230,'2023-05-31',7,2),(1231,'2023-05-31',6,7),(1232,'2023-05-31',6,3),(1233,'2023-05-31',6,2),(1234,'2023-05-31',5,37),(1235,'2023-05-31',5,13),(1236,'2023-05-31',5,11),(1237,'2023-05-31',5,3),(1238,'2023-05-31',5,2),(1239,'2023-05-31',5,1),(1240,'2023-05-31',4,3),(1241,'2023-05-31',4,2),(1242,'2023-05-31',3,7),(1243,'2023-05-31',3,3),(1244,'2023-05-31',3,2),(1245,'2023-05-31',2,11),(1246,'2023-05-31',2,7),(1247,'2023-05-31',1,7),(1248,'2023-05-31',1,3),(1249,'2023-05-31',1,2),(1250,'2023-05-31',1,1),(1251,'2023-06-06',21,3),(1252,'2023-06-06',19,59),(1253,'2023-06-06',19,7),(1254,'2023-06-06',17,11),(1255,'2023-06-06',17,7),(1256,'2023-06-06',17,3),(1257,'2023-06-06',17,2),(1258,'2023-06-06',15,31),(1259,'2023-06-06',15,13),(1260,'2023-06-06',15,3),(1261,'2023-06-06',14,41),(1262,'2023-06-06',14,2),(1263,'2023-06-06',14,1),(1264,'2023-06-06',13,3),(1265,'2023-06-06',13,2),(1266,'2023-06-06',11,13),(1267,'2023-06-06',11,7),(1268,'2023-06-06',10,5),(1269,'2023-06-06',10,3),(1270,'2023-06-06',10,2),(1271,'2023-06-06',10,1),(1272,'2023-06-06',9,13),(1273,'2023-06-06',9,7),(1274,'2023-06-06',9,3),(1275,'2023-06-06',8,3),(1276,'2023-06-06',8,2),(1277,'2023-06-06',8,1),(1278,'2023-06-06',7,37),(1279,'2023-06-06',7,3),(1280,'2023-06-06',7,2),(1281,'2023-06-06',6,7),(1282,'2023-06-06',6,3),(1283,'2023-06-06',6,2),(1284,'2023-06-06',5,37),(1285,'2023-06-06',5,13),(1286,'2023-06-06',5,11),(1287,'2023-06-06',5,3),(1288,'2023-06-06',5,2),(1289,'2023-06-06',5,1),(1290,'2023-06-06',4,3),(1291,'2023-06-06',4,2),(1292,'2023-06-06',3,7),(1293,'2023-06-06',3,3),(1294,'2023-06-06',3,2),(1295,'2023-06-06',2,11),(1296,'2023-06-06',2,7),(1297,'2023-06-06',1,7),(1298,'2023-06-06',1,3),(1299,'2023-06-06',1,2),(1300,'2023-06-06',1,1),(1301,'2023-06-16',21,3),(1302,'2023-06-16',19,59),(1303,'2023-06-16',19,7),(1304,'2023-06-16',17,11),(1305,'2023-06-16',17,7),(1306,'2023-06-16',17,3),(1307,'2023-06-16',17,2),(1308,'2023-06-16',15,31),(1309,'2023-06-16',15,13),(1310,'2023-06-16',15,3),(1311,'2023-06-16',14,41),(1312,'2023-06-16',14,2),(1313,'2023-06-16',14,1),(1314,'2023-06-16',13,3),(1315,'2023-06-16',13,2),(1316,'2023-06-16',11,13),(1317,'2023-06-16',11,7),(1318,'2023-06-16',10,5),(1319,'2023-06-16',10,3),(1320,'2023-06-16',10,2),(1321,'2023-06-16',10,1),(1322,'2023-06-16',9,13),(1323,'2023-06-16',9,7),(1324,'2023-06-16',9,3),(1325,'2023-06-16',8,3),(1326,'2023-06-16',8,2),(1327,'2023-06-16',8,1),(1328,'2023-06-16',7,37),(1329,'2023-06-16',7,3),(1330,'2023-06-16',7,2),(1331,'2023-06-16',6,7),(1332,'2023-06-16',6,3),(1333,'2023-06-16',6,2),(1334,'2023-06-16',5,37),(1335,'2023-06-16',5,13),(1336,'2023-06-16',5,11),(1337,'2023-06-16',5,3),(1338,'2023-06-16',5,2),(1339,'2023-06-16',5,1),(1340,'2023-06-16',4,3),(1341,'2023-06-16',4,2),(1342,'2023-06-16',3,7),(1343,'2023-06-16',3,3),(1344,'2023-06-16',3,2),(1345,'2023-06-16',2,11),(1346,'2023-06-16',2,7),(1347,'2023-06-16',1,7),(1348,'2023-06-16',1,3),(1349,'2023-06-16',1,2),(1350,'2023-06-16',1,1),(1351,'2023-06-22',21,3),(1352,'2023-06-22',19,59),(1353,'2023-06-22',19,7),(1354,'2023-06-22',17,11),(1355,'2023-06-22',17,7),(1356,'2023-06-22',17,3),(1357,'2023-06-22',17,2),(1358,'2023-06-22',15,31),(1359,'2023-06-22',15,13),(1360,'2023-06-22',15,3),(1361,'2023-06-22',14,41),(1362,'2023-06-22',14,2),(1363,'2023-06-22',14,1),(1364,'2023-06-22',13,3),(1365,'2023-06-22',13,2),(1366,'2023-06-22',11,13),(1367,'2023-06-22',11,7),(1368,'2023-06-22',10,5),(1369,'2023-06-22',10,3),(1370,'2023-06-22',10,2),(1371,'2023-06-22',10,1),(1372,'2023-06-22',9,13),(1373,'2023-06-22',9,7),(1374,'2023-06-22',9,3),(1375,'2023-06-22',8,3),(1376,'2023-06-22',8,2),(1377,'2023-06-22',8,1),(1378,'2023-06-22',7,37),(1379,'2023-06-22',7,3),(1380,'2023-06-22',7,2),(1381,'2023-06-22',6,7),(1382,'2023-06-22',6,3),(1383,'2023-06-22',6,2),(1384,'2023-06-22',5,37),(1385,'2023-06-22',5,13),(1386,'2023-06-22',5,11),(1387,'2023-06-22',5,3),(1388,'2023-06-22',5,2),(1389,'2023-06-22',5,1),(1390,'2023-06-22',4,3),(1391,'2023-06-22',4,2),(1392,'2023-06-22',3,7),(1393,'2023-06-22',3,3),(1394,'2023-06-22',3,2),(1395,'2023-06-22',2,11),(1396,'2023-06-22',2,7),(1397,'2023-06-22',1,7),(1398,'2023-06-22',1,3),(1399,'2023-06-22',1,2),(1400,'2023-06-22',1,1),(1401,'2023-06-28',21,3),(1402,'2023-06-28',19,59),(1403,'2023-06-28',19,7),(1404,'2023-06-28',17,11),(1405,'2023-06-28',17,7),(1406,'2023-06-28',17,3),(1407,'2023-06-28',17,2),(1408,'2023-06-28',15,31),(1409,'2023-06-28',15,13),(1410,'2023-06-28',15,3),(1411,'2023-06-28',14,41),(1412,'2023-06-28',14,2),(1413,'2023-06-28',14,1),(1414,'2023-06-28',13,3),(1415,'2023-06-28',13,2),(1416,'2023-06-28',11,13),(1417,'2023-06-28',11,7),(1418,'2023-06-28',10,5),(1419,'2023-06-28',10,3),(1420,'2023-06-28',10,2),(1421,'2023-06-28',10,1),(1422,'2023-06-28',9,13),(1423,'2023-06-28',9,7),(1424,'2023-06-28',9,3),(1425,'2023-06-28',8,3),(1426,'2023-06-28',8,2),(1427,'2023-06-28',8,1),(1428,'2023-06-28',7,37),(1429,'2023-06-28',7,3),(1430,'2023-06-28',7,2),(1431,'2023-06-28',6,7),(1432,'2023-06-28',6,3),(1433,'2023-06-28',6,2),(1434,'2023-06-28',5,37),(1435,'2023-06-28',5,13),(1436,'2023-06-28',5,11),(1437,'2023-06-28',5,3),(1438,'2023-06-28',5,2),(1439,'2023-06-28',5,1),(1440,'2023-06-28',4,3),(1441,'2023-06-28',4,2),(1442,'2023-06-28',3,7),(1443,'2023-06-28',3,3),(1444,'2023-06-28',3,2),(1445,'2023-06-28',2,11),(1446,'2023-06-28',2,7),(1447,'2023-06-28',1,7),(1448,'2023-06-28',1,3),(1449,'2023-06-28',1,2),(1450,'2023-06-28',1,1),(1451,'2023-06-30',21,3),(1452,'2023-06-30',19,59),(1453,'2023-06-30',19,7),(1454,'2023-06-30',17,11),(1455,'2023-06-30',17,7),(1456,'2023-06-30',17,3),(1457,'2023-06-30',17,2),(1458,'2023-06-30',15,31),(1459,'2023-06-30',15,13),(1460,'2023-06-30',15,3),(1461,'2023-06-30',14,41),(1462,'2023-06-30',14,2),(1463,'2023-06-30',14,1),(1464,'2023-06-30',13,3),(1465,'2023-06-30',13,2),(1466,'2023-06-30',11,13),(1467,'2023-06-30',11,7),(1468,'2023-06-30',10,5),(1469,'2023-06-30',10,3),(1470,'2023-06-30',10,2),(1471,'2023-06-30',10,1),(1472,'2023-06-30',9,13),(1473,'2023-06-30',9,7),(1474,'2023-06-30',9,3),(1475,'2023-06-30',8,3),(1476,'2023-06-30',8,2),(1477,'2023-06-30',8,1),(1478,'2023-06-30',7,37),(1479,'2023-06-30',7,3),(1480,'2023-06-30',7,2),(1481,'2023-06-30',6,7),(1482,'2023-06-30',6,3),(1483,'2023-06-30',6,2),(1484,'2023-06-30',5,37),(1485,'2023-06-30',5,13),(1486,'2023-06-30',5,11),(1487,'2023-06-30',5,3),(1488,'2023-06-30',5,2),(1489,'2023-06-30',5,1),(1490,'2023-06-30',4,3),(1491,'2023-06-30',4,2),(1492,'2023-06-30',3,7),(1493,'2023-06-30',3,3),(1494,'2023-06-30',3,2),(1495,'2023-06-30',2,11),(1496,'2023-06-30',2,7),(1497,'2023-06-30',1,7),(1498,'2023-06-30',1,3),(1499,'2023-06-30',1,2),(1500,'2023-06-30',1,1),(1501,'2023-07-12',21,3),(1502,'2023-07-12',19,59),(1503,'2023-07-12',19,7),(1504,'2023-07-12',17,11),(1505,'2023-07-12',17,7),(1506,'2023-07-12',17,3),(1507,'2023-07-12',17,2),(1508,'2023-07-12',15,31),(1509,'2023-07-12',15,13),(1510,'2023-07-12',15,3),(1511,'2023-07-12',14,41),(1512,'2023-07-12',14,2),(1513,'2023-07-12',14,1),(1514,'2023-07-12',13,3),(1515,'2023-07-12',13,2),(1516,'2023-07-12',11,13),(1517,'2023-07-12',11,7),(1518,'2023-07-12',10,5),(1519,'2023-07-12',10,3),(1520,'2023-07-12',10,2),(1521,'2023-07-12',10,1),(1522,'2023-07-12',9,13),(1523,'2023-07-12',9,7),(1524,'2023-07-12',9,3),(1525,'2023-07-12',8,3),(1526,'2023-07-12',8,2),(1527,'2023-07-12',8,1),(1528,'2023-07-12',7,37),(1529,'2023-07-12',7,3),(1530,'2023-07-12',7,2),(1531,'2023-07-12',6,7),(1532,'2023-07-12',6,3),(1533,'2023-07-12',6,2),(1534,'2023-07-12',5,37),(1535,'2023-07-12',5,13),(1536,'2023-07-12',5,11),(1537,'2023-07-12',5,3),(1538,'2023-07-12',5,2),(1539,'2023-07-12',5,1),(1540,'2023-07-12',4,3),(1541,'2023-07-12',4,2),(1542,'2023-07-12',3,7),(1543,'2023-07-12',3,3),(1544,'2023-07-12',3,2),(1545,'2023-07-12',2,11),(1546,'2023-07-12',2,7),(1547,'2023-07-12',1,7),(1548,'2023-07-12',1,3),(1549,'2023-07-12',1,2),(1550,'2023-07-12',1,1),(1551,'2023-07-18',21,3),(1552,'2023-07-18',19,59),(1553,'2023-07-18',19,7),(1554,'2023-07-18',17,11),(1555,'2023-07-18',17,7),(1556,'2023-07-18',17,3),(1557,'2023-07-18',17,2),(1558,'2023-07-18',15,31),(1559,'2023-07-18',15,13),(1560,'2023-07-18',15,3),(1561,'2023-07-18',14,41),(1562,'2023-07-18',14,2),(1563,'2023-07-18',14,1),(1564,'2023-07-18',13,3),(1565,'2023-07-18',13,2),(1566,'2023-07-18',11,13),(1567,'2023-07-18',11,7),(1568,'2023-07-18',10,5),(1569,'2023-07-18',10,3),(1570,'2023-07-18',10,2),(1571,'2023-07-18',10,1),(1572,'2023-07-18',9,13),(1573,'2023-07-18',9,7),(1574,'2023-07-18',9,3),(1575,'2023-07-18',8,3),(1576,'2023-07-18',8,2),(1577,'2023-07-18',8,1),(1578,'2023-07-18',7,37),(1579,'2023-07-18',7,3),(1580,'2023-07-18',7,2),(1581,'2023-07-18',6,7),(1582,'2023-07-18',6,3),(1583,'2023-07-18',6,2),(1584,'2023-07-18',5,37),(1585,'2023-07-18',5,13),(1586,'2023-07-18',5,11),(1587,'2023-07-18',5,3),(1588,'2023-07-18',5,2),(1589,'2023-07-18',5,1),(1590,'2023-07-18',4,3),(1591,'2023-07-18',4,2),(1592,'2023-07-18',3,7),(1593,'2023-07-18',3,3),(1594,'2023-07-18',3,2),(1595,'2023-07-18',2,11),(1596,'2023-07-18',2,7),(1597,'2023-07-18',1,7),(1598,'2023-07-18',1,3),(1599,'2023-07-18',1,2),(1600,'2023-07-18',1,1),(1601,'2023-08-11',21,3),(1602,'2023-08-11',19,59),(1603,'2023-08-11',19,7),(1604,'2023-08-11',17,11),(1605,'2023-08-11',17,7),(1606,'2023-08-11',17,3),(1607,'2023-08-11',17,2),(1608,'2023-08-11',15,31),(1609,'2023-08-11',15,13),(1610,'2023-08-11',15,3),(1611,'2023-08-11',14,41),(1612,'2023-08-11',14,2),(1613,'2023-08-11',14,1),(1614,'2023-08-11',13,3),(1615,'2023-08-11',13,2),(1616,'2023-08-11',11,13),(1617,'2023-08-11',11,7),(1618,'2023-08-11',10,5),(1619,'2023-08-11',10,3),(1620,'2023-08-11',10,2),(1621,'2023-08-11',10,1),(1622,'2023-08-11',9,13),(1623,'2023-08-11',9,7),(1624,'2023-08-11',9,3),(1625,'2023-08-11',8,3),(1626,'2023-08-11',8,2),(1627,'2023-08-11',8,1),(1628,'2023-08-11',7,37),(1629,'2023-08-11',7,3),(1630,'2023-08-11',7,2),(1631,'2023-08-11',6,7),(1632,'2023-08-11',6,3),(1633,'2023-08-11',6,2),(1634,'2023-08-11',5,37),(1635,'2023-08-11',5,13),(1636,'2023-08-11',5,11),(1637,'2023-08-11',5,3),(1638,'2023-08-11',5,2),(1639,'2023-08-11',5,1),(1640,'2023-08-11',4,3),(1641,'2023-08-11',4,2),(1642,'2023-08-11',3,7),(1643,'2023-08-11',3,3),(1644,'2023-08-11',3,2),(1645,'2023-08-11',2,11),(1646,'2023-08-11',2,7),(1647,'2023-08-11',1,7),(1648,'2023-08-11',1,3),(1649,'2023-08-11',1,2),(1650,'2023-08-11',1,1),(1651,'2023-08-15',21,3),(1652,'2023-08-15',19,59),(1653,'2023-08-15',19,7),(1654,'2023-08-15',17,11),(1655,'2023-08-15',17,7),(1656,'2023-08-15',17,3),(1657,'2023-08-15',17,2),(1658,'2023-08-15',15,31),(1659,'2023-08-15',15,13),(1660,'2023-08-15',15,3),(1661,'2023-08-15',14,41),(1662,'2023-08-15',14,2),(1663,'2023-08-15',14,1),(1664,'2023-08-15',13,3),(1665,'2023-08-15',13,2),(1666,'2023-08-15',11,13),(1667,'2023-08-15',11,7),(1668,'2023-08-15',10,5),(1669,'2023-08-15',10,3),(1670,'2023-08-15',10,2),(1671,'2023-08-15',10,1),(1672,'2023-08-15',9,13),(1673,'2023-08-15',9,7),(1674,'2023-08-15',9,3),(1675,'2023-08-15',8,3),(1676,'2023-08-15',8,2),(1677,'2023-08-15',8,1),(1678,'2023-08-15',7,37),(1679,'2023-08-15',7,3),(1680,'2023-08-15',7,2),(1681,'2023-08-15',6,7),(1682,'2023-08-15',6,3),(1683,'2023-08-15',6,2),(1684,'2023-08-15',5,37),(1685,'2023-08-15',5,13),(1686,'2023-08-15',5,11),(1687,'2023-08-15',5,3),(1688,'2023-08-15',5,2),(1689,'2023-08-15',5,1),(1690,'2023-08-15',4,3),(1691,'2023-08-15',4,2),(1692,'2023-08-15',3,7),(1693,'2023-08-15',3,3),(1694,'2023-08-15',3,2),(1695,'2023-08-15',2,11),(1696,'2023-08-15',2,7),(1697,'2023-08-15',1,7),(1698,'2023-08-15',1,3),(1699,'2023-08-15',1,2),(1700,'2023-08-15',1,1),(1701,'2023-08-17',21,3),(1702,'2023-08-17',19,59),(1703,'2023-08-17',19,7),(1704,'2023-08-17',17,11),(1705,'2023-08-17',17,7),(1706,'2023-08-17',17,3),(1707,'2023-08-17',17,2),(1708,'2023-08-17',15,31),(1709,'2023-08-17',15,13),(1710,'2023-08-17',15,3),(1711,'2023-08-17',14,41),(1712,'2023-08-17',14,2),(1713,'2023-08-17',14,1),(1714,'2023-08-17',13,3),(1715,'2023-08-17',13,2),(1716,'2023-08-17',11,13),(1717,'2023-08-17',11,7),(1718,'2023-08-17',10,5),(1719,'2023-08-17',10,3),(1720,'2023-08-17',10,2),(1721,'2023-08-17',10,1),(1722,'2023-08-17',9,13),(1723,'2023-08-17',9,7),(1724,'2023-08-17',9,3),(1725,'2023-08-17',8,3),(1726,'2023-08-17',8,2),(1727,'2023-08-17',8,1),(1728,'2023-08-17',7,37),(1729,'2023-08-17',7,3),(1730,'2023-08-17',7,2),(1731,'2023-08-17',6,7),(1732,'2023-08-17',6,3),(1733,'2023-08-17',6,2),(1734,'2023-08-17',5,37),(1735,'2023-08-17',5,13),(1736,'2023-08-17',5,11),(1737,'2023-08-17',5,3),(1738,'2023-08-17',5,2),(1739,'2023-08-17',5,1),(1740,'2023-08-17',4,3),(1741,'2023-08-17',4,2),(1742,'2023-08-17',3,7),(1743,'2023-08-17',3,3),(1744,'2023-08-17',3,2),(1745,'2023-08-17',2,11),(1746,'2023-08-17',2,7),(1747,'2023-08-17',1,7),(1748,'2023-08-17',1,3),(1749,'2023-08-17',1,2),(1750,'2023-08-17',1,1),(1751,'2023-08-29',21,3),(1752,'2023-08-29',19,59),(1753,'2023-08-29',19,7),(1754,'2023-08-29',17,11),(1755,'2023-08-29',17,7),(1756,'2023-08-29',17,3),(1757,'2023-08-29',17,2),(1758,'2023-08-29',15,31),(1759,'2023-08-29',15,13),(1760,'2023-08-29',15,3),(1761,'2023-08-29',14,41),(1762,'2023-08-29',14,2),(1763,'2023-08-29',14,1),(1764,'2023-08-29',13,3),(1765,'2023-08-29',13,2),(1766,'2023-08-29',11,13),(1767,'2023-08-29',11,7),(1768,'2023-08-29',10,5),(1769,'2023-08-29',10,3),(1770,'2023-08-29',10,2),(1771,'2023-08-29',10,1),(1772,'2023-08-29',9,13),(1773,'2023-08-29',9,7),(1774,'2023-08-29',9,3),(1775,'2023-08-29',8,3),(1776,'2023-08-29',8,2),(1777,'2023-08-29',8,1),(1778,'2023-08-29',7,37),(1779,'2023-08-29',7,3),(1780,'2023-08-29',7,2),(1781,'2023-08-29',6,7),(1782,'2023-08-29',6,3),(1783,'2023-08-29',6,2),(1784,'2023-08-29',5,37),(1785,'2023-08-29',5,13),(1786,'2023-08-29',5,11),(1787,'2023-08-29',5,3),(1788,'2023-08-29',5,2),(1789,'2023-08-29',5,1),(1790,'2023-08-29',4,3),(1791,'2023-08-29',4,2),(1792,'2023-08-29',3,7),(1793,'2023-08-29',3,3),(1794,'2023-08-29',3,2),(1795,'2023-08-29',2,11),(1796,'2023-08-29',2,7),(1797,'2023-08-29',1,7),(1798,'2023-08-29',1,3),(1799,'2023-08-29',1,2),(1800,'2023-08-29',1,1),(1801,'2023-09-08',21,3),(1802,'2023-09-08',19,59),(1803,'2023-09-08',19,7),(1804,'2023-09-08',17,11),(1805,'2023-09-08',17,7),(1806,'2023-09-08',17,3),(1807,'2023-09-08',17,2),(1808,'2023-09-08',15,31),(1809,'2023-09-08',15,13),(1810,'2023-09-08',15,3),(1811,'2023-09-08',14,41),(1812,'2023-09-08',14,2),(1813,'2023-09-08',14,1),(1814,'2023-09-08',13,3),(1815,'2023-09-08',13,2),(1816,'2023-09-08',11,13),(1817,'2023-09-08',11,7),(1818,'2023-09-08',10,5),(1819,'2023-09-08',10,3),(1820,'2023-09-08',10,2),(1821,'2023-09-08',10,1),(1822,'2023-09-08',9,13),(1823,'2023-09-08',9,7),(1824,'2023-09-08',9,3),(1825,'2023-09-08',8,3),(1826,'2023-09-08',8,2),(1827,'2023-09-08',8,1),(1828,'2023-09-08',7,37),(1829,'2023-09-08',7,3),(1830,'2023-09-08',7,2),(1831,'2023-09-08',6,7),(1832,'2023-09-08',6,3),(1833,'2023-09-08',6,2),(1834,'2023-09-08',5,37),(1835,'2023-09-08',5,13),(1836,'2023-09-08',5,11),(1837,'2023-09-08',5,3),(1838,'2023-09-08',5,2),(1839,'2023-09-08',5,1),(1840,'2023-09-08',4,3),(1841,'2023-09-08',4,2),(1842,'2023-09-08',3,7),(1843,'2023-09-08',3,3),(1844,'2023-09-08',3,2),(1845,'2023-09-08',2,11),(1846,'2023-09-08',2,7),(1847,'2023-09-08',1,7),(1848,'2023-09-08',1,3),(1849,'2023-09-08',1,2),(1850,'2023-09-08',1,1),(1851,'2023-09-14',21,3),(1852,'2023-09-14',19,59),(1853,'2023-09-14',19,7),(1854,'2023-09-14',17,11),(1855,'2023-09-14',17,7),(1856,'2023-09-14',17,3),(1857,'2023-09-14',17,2),(1858,'2023-09-14',15,31),(1859,'2023-09-14',15,13),(1860,'2023-09-14',15,3),(1861,'2023-09-14',14,41),(1862,'2023-09-14',14,2),(1863,'2023-09-14',14,1),(1864,'2023-09-14',13,3),(1865,'2023-09-14',13,2),(1866,'2023-09-14',11,13),(1867,'2023-09-14',11,7),(1868,'2023-09-14',10,5),(1869,'2023-09-14',10,3),(1870,'2023-09-14',10,2),(1871,'2023-09-14',10,1),(1872,'2023-09-14',9,13),(1873,'2023-09-14',9,7),(1874,'2023-09-14',9,3),(1875,'2023-09-14',8,3),(1876,'2023-09-14',8,2),(1877,'2023-09-14',8,1),(1878,'2023-09-14',7,37),(1879,'2023-09-14',7,3),(1880,'2023-09-14',7,2),(1881,'2023-09-14',6,7),(1882,'2023-09-14',6,3),(1883,'2023-09-14',6,2),(1884,'2023-09-14',5,37),(1885,'2023-09-14',5,13),(1886,'2023-09-14',5,11),(1887,'2023-09-14',5,3),(1888,'2023-09-14',5,2),(1889,'2023-09-14',5,1),(1890,'2023-09-14',4,3),(1891,'2023-09-14',4,2),(1892,'2023-09-14',3,7),(1893,'2023-09-14',3,3),(1894,'2023-09-14',3,2),(1895,'2023-09-14',2,11),(1896,'2023-09-14',2,7),(1897,'2023-09-14',1,7),(1898,'2023-09-14',1,3),(1899,'2023-09-14',1,2),(1900,'2023-09-14',1,1),(1901,'2023-09-20',21,3),(1902,'2023-09-20',19,59),(1903,'2023-09-20',19,7),(1904,'2023-09-20',17,11),(1905,'2023-09-20',17,7),(1906,'2023-09-20',17,3),(1907,'2023-09-20',17,2),(1908,'2023-09-20',15,31),(1909,'2023-09-20',15,13),(1910,'2023-09-20',15,3),(1911,'2023-09-20',14,41),(1912,'2023-09-20',14,2),(1913,'2023-09-20',14,1),(1914,'2023-09-20',13,3),(1915,'2023-09-20',13,2),(1916,'2023-09-20',11,13),(1917,'2023-09-20',11,7),(1918,'2023-09-20',10,5),(1919,'2023-09-20',10,3),(1920,'2023-09-20',10,2),(1921,'2023-09-20',10,1),(1922,'2023-09-20',9,13),(1923,'2023-09-20',9,7),(1924,'2023-09-20',9,3),(1925,'2023-09-20',8,3),(1926,'2023-09-20',8,2),(1927,'2023-09-20',8,1),(1928,'2023-09-20',7,37),(1929,'2023-09-20',7,3),(1930,'2023-09-20',7,2),(1931,'2023-09-20',6,7),(1932,'2023-09-20',6,3),(1933,'2023-09-20',6,2),(1934,'2023-09-20',5,37),(1935,'2023-09-20',5,13),(1936,'2023-09-20',5,11),(1937,'2023-09-20',5,3),(1938,'2023-09-20',5,2),(1939,'2023-09-20',5,1),(1940,'2023-09-20',4,3),(1941,'2023-09-20',4,2),(1942,'2023-09-20',3,7),(1943,'2023-09-20',3,3),(1944,'2023-09-20',3,2),(1945,'2023-09-20',2,11),(1946,'2023-09-20',2,7),(1947,'2023-09-20',1,7),(1948,'2023-09-20',1,3),(1949,'2023-09-20',1,2),(1950,'2023-09-20',1,1),(1951,'2023-09-26',21,3),(1952,'2023-09-26',19,59),(1953,'2023-09-26',19,7),(1954,'2023-09-26',17,11),(1955,'2023-09-26',17,7),(1956,'2023-09-26',17,3),(1957,'2023-09-26',17,2),(1958,'2023-09-26',15,31),(1959,'2023-09-26',15,13),(1960,'2023-09-26',15,3),(1961,'2023-09-26',14,41),(1962,'2023-09-26',14,2),(1963,'2023-09-26',14,1),(1964,'2023-09-26',13,3),(1965,'2023-09-26',13,2),(1966,'2023-09-26',11,13),(1967,'2023-09-26',11,7),(1968,'2023-09-26',10,5),(1969,'2023-09-26',10,3),(1970,'2023-09-26',10,2),(1971,'2023-09-26',10,1),(1972,'2023-09-26',9,13),(1973,'2023-09-26',9,7),(1974,'2023-09-26',9,3),(1975,'2023-09-26',8,3),(1976,'2023-09-26',8,2),(1977,'2023-09-26',8,1),(1978,'2023-09-26',7,37),(1979,'2023-09-26',7,3),(1980,'2023-09-26',7,2),(1981,'2023-09-26',6,7),(1982,'2023-09-26',6,3),(1983,'2023-09-26',6,2),(1984,'2023-09-26',5,37),(1985,'2023-09-26',5,13),(1986,'2023-09-26',5,11),(1987,'2023-09-26',5,3),(1988,'2023-09-26',5,2),(1989,'2023-09-26',5,1),(1990,'2023-09-26',4,3),(1991,'2023-09-26',4,2),(1992,'2023-09-26',3,7),(1993,'2023-09-26',3,3),(1994,'2023-09-26',3,2),(1995,'2023-09-26',2,11),(1996,'2023-09-26',2,7),(1997,'2023-09-26',1,7),(1998,'2023-09-26',1,3),(1999,'2023-09-26',1,2),(2000,'2023-09-26',1,1),(2001,'2023-09-28',21,3),(2002,'2023-09-28',19,59),(2003,'2023-09-28',19,7),(2004,'2023-09-28',17,11),(2005,'2023-09-28',17,7),(2006,'2023-09-28',17,3),(2007,'2023-09-28',17,2),(2008,'2023-09-28',15,31),(2009,'2023-09-28',15,13),(2010,'2023-09-28',15,3),(2011,'2023-09-28',14,41),(2012,'2023-09-28',14,2),(2013,'2023-09-28',14,1),(2014,'2023-09-28',13,3),(2015,'2023-09-28',13,2),(2016,'2023-09-28',11,13),(2017,'2023-09-28',11,7),(2018,'2023-09-28',10,5),(2019,'2023-09-28',10,3),(2020,'2023-09-28',10,2),(2021,'2023-09-28',10,1),(2023,'2023-09-28',9,13),(2023,'2023-09-28',9,7),(2024,'2023-09-28',9,3),(2025,'2023-09-28',8,3),(2026,'2023-09-28',8,2),(2027,'2023-09-28',8,1),(2028,'2023-09-28',7,37),(2029,'2023-09-28',7,3),(2030,'2023-09-28',7,2),(2031,'2023-09-28',6,7),(2032,'2023-09-28',6,3),(2033,'2023-09-28',6,2),(2034,'2023-09-28',5,37),(2035,'2023-09-28',5,13),(2036,'2023-09-28',5,11),(2037,'2023-09-28',5,3),(2038,'2023-09-28',5,2),(2039,'2023-09-28',5,1),(2040,'2023-09-28',4,3),(2041,'2023-09-28',4,2),(2042,'2023-09-28',3,7),(2043,'2023-09-28',3,3),(2044,'2023-09-28',3,2),(2045,'2023-09-28',2,11),(2046,'2023-09-28',2,7),(2047,'2023-09-28',1,7),(2048,'2023-09-28',1,3),(2049,'2023-09-28',1,2),(2050,'2023-09-28',1,1),(2051,'2023-10-04',21,3),(2052,'2023-10-04',19,59),(2053,'2023-10-04',19,7),(2054,'2023-10-04',17,11),(2055,'2023-10-04',17,7),(2056,'2023-10-04',17,3),(2057,'2023-10-04',17,2),(2058,'2023-10-04',15,31),(2059,'2023-10-04',15,13),(2060,'2023-10-04',15,3),(2061,'2023-10-04',14,41),(2062,'2023-10-04',14,2),(2063,'2023-10-04',14,1),(2064,'2023-10-04',13,3),(2065,'2023-10-04',13,2),(2066,'2023-10-04',11,13),(2067,'2023-10-04',11,7),(2068,'2023-10-04',10,5),(2069,'2023-10-04',10,3),(2070,'2023-10-04',10,2),(2071,'2023-10-04',10,1),(2072,'2023-10-04',9,13),(2073,'2023-10-04',9,7),(2074,'2023-10-04',9,3),(2075,'2023-10-04',8,3),(2076,'2023-10-04',8,2),(2077,'2023-10-04',8,1),(2078,'2023-10-04',7,37),(2079,'2023-10-04',7,3),(2080,'2023-10-04',7,2),(2081,'2023-10-04',6,7),(2082,'2023-10-04',6,3),(2083,'2023-10-04',6,2),(2084,'2023-10-04',5,37),(2085,'2023-10-04',5,13),(2086,'2023-10-04',5,11),(2087,'2023-10-04',5,3),(2088,'2023-10-04',5,2),(2089,'2023-10-04',5,1),(2090,'2023-10-04',4,3),(2091,'2023-10-04',4,2),(2092,'2023-10-04',3,7),(2093,'2023-10-04',3,3),(2094,'2023-10-04',3,2),(2095,'2023-10-04',2,11),(2096,'2023-10-04',2,7),(2097,'2023-10-04',1,7),(2098,'2023-10-04',1,3),(2099,'2023-10-04',1,2),(2100,'2023-10-04',1,1),(2101,'2023-10-10',21,3),(2102,'2023-10-10',19,59),(2103,'2023-10-10',19,7),(2104,'2023-10-10',17,11),(2105,'2023-10-10',17,7),(2106,'2023-10-10',17,3),(2107,'2023-10-10',17,2),(2108,'2023-10-10',15,31),(2109,'2023-10-10',15,13),(2110,'2023-10-10',15,3),(2111,'2023-10-10',14,41),(2112,'2023-10-10',14,2),(2113,'2023-10-10',14,1),(2114,'2023-10-10',13,3),(2115,'2023-10-10',13,2),(2116,'2023-10-10',11,13),(2117,'2023-10-10',11,7),(2118,'2023-10-10',10,5),(2119,'2023-10-10',10,3),(2120,'2023-10-10',10,2),(2121,'2023-10-10',10,1),(2122,'2023-10-10',9,13),(2123,'2023-10-10',9,7),(2124,'2023-10-10',9,3),(2125,'2023-10-10',8,3),(2126,'2023-10-10',8,2),(2127,'2023-10-10',8,1),(2128,'2023-10-10',7,37),(2129,'2023-10-10',7,3),(2130,'2023-10-10',7,2),(2131,'2023-10-10',6,7),(2132,'2023-10-10',6,3),(2133,'2023-10-10',6,2),(2134,'2023-10-10',5,37),(2135,'2023-10-10',5,13),(2136,'2023-10-10',5,11),(2137,'2023-10-10',5,3),(2138,'2023-10-10',5,2),(2139,'2023-10-10',5,1),(2140,'2023-10-10',4,3),(2141,'2023-10-10',4,2),(2142,'2023-10-10',3,7),(2143,'2023-10-10',3,3),(2144,'2023-10-10',3,2),(2145,'2023-10-10',2,11),(2146,'2023-10-10',2,7),(2147,'2023-10-10',1,7),(2148,'2023-10-10',1,3),(2149,'2023-10-10',1,2),(2150,'2023-10-10',1,1),(2151,'2023-10-20',21,3),(2152,'2023-10-20',19,59),(2153,'2023-10-20',19,7),(2154,'2023-10-20',17,11),(2155,'2023-10-20',17,7),(2156,'2023-10-20',17,3),(2157,'2023-10-20',17,2),(2158,'2023-10-20',15,31),(2159,'2023-10-20',15,13),(2160,'2023-10-20',15,3),(2161,'2023-10-20',14,41),(2162,'2023-10-20',14,2),(2163,'2023-10-20',14,1),(2164,'2023-10-20',13,3),(2165,'2023-10-20',13,2),(2166,'2023-10-20',11,13),(2167,'2023-10-20',11,7),(2168,'2023-10-20',10,5),(2169,'2023-10-20',10,3),(2170,'2023-10-20',10,2),(2171,'2023-10-20',10,1),(2172,'2023-10-20',9,13),(2173,'2023-10-20',9,7),(2174,'2023-10-20',9,3),(2175,'2023-10-20',8,3),(2176,'2023-10-20',8,2),(2177,'2023-10-20',8,1),(2178,'2023-10-20',7,37),(2179,'2023-10-20',7,3),(2180,'2023-10-20',7,2),(2181,'2023-10-20',6,7),(2182,'2023-10-20',6,3),(2183,'2023-10-20',6,2),(2184,'2023-10-20',5,37),(2185,'2023-10-20',5,13),(2186,'2023-10-20',5,11),(2187,'2023-10-20',5,3),(2188,'2023-10-20',5,2),(2189,'2023-10-20',5,1),(2190,'2023-10-20',4,3),(2191,'2023-10-20',4,2),(2192,'2023-10-20',3,7),(2193,'2023-10-20',3,3),(2194,'2023-10-20',3,2),(2195,'2023-10-20',2,11),(2196,'2023-10-20',2,7),(2197,'2023-10-20',1,7),(2198,'2023-10-20',1,3),(2199,'2023-10-20',1,2),(2200,'2023-10-20',1,1),(2201,'2023-11-03',21,3),(2202,'2023-11-03',19,59),(2203,'2023-11-03',19,7),(2204,'2023-11-03',17,11),(2205,'2023-11-03',17,7),(2206,'2023-11-03',17,3),(2207,'2023-11-03',17,2),(2208,'2023-11-03',15,31),(2209,'2023-11-03',15,13),(2210,'2023-11-03',15,3),(2211,'2023-11-03',14,41),(2212,'2023-11-03',14,2),(2213,'2023-11-03',14,1),(2214,'2023-11-03',13,3),(2215,'2023-11-03',13,2),(2216,'2023-11-03',11,13),(2217,'2023-11-03',11,7),(2218,'2023-11-03',10,5),(2219,'2023-11-03',10,3),(2220,'2023-11-03',10,2),(2221,'2023-11-03',10,1),(2222,'2023-11-03',9,13),(2223,'2023-11-03',9,7),(2224,'2023-11-03',9,3),(2225,'2023-11-03',8,3),(2226,'2023-11-03',8,2),(2227,'2023-11-03',8,1),(2228,'2023-11-03',7,37),(2229,'2023-11-03',7,3),(2230,'2023-11-03',7,2),(2231,'2023-11-03',6,7),(2232,'2023-11-03',6,3),(2233,'2023-11-03',6,2),(2234,'2023-11-03',5,37),(2235,'2023-11-03',5,13),(2236,'2023-11-03',5,11),(2237,'2023-11-03',5,3),(2238,'2023-11-03',5,2),(2239,'2023-11-03',5,1),(2240,'2023-11-03',4,3),(2241,'2023-11-03',4,2),(2242,'2023-11-03',3,7),(2243,'2023-11-03',3,3),(2244,'2023-11-03',3,2),(2245,'2023-11-03',2,11),(2246,'2023-11-03',2,7),(2247,'2023-11-03',1,7),(2248,'2023-11-03',1,3),(2249,'2023-11-03',1,2),(2250,'2023-11-03',1,1),(2251,'2023-11-07',21,3),(2252,'2023-11-07',19,59),(2253,'2023-11-07',19,7),(2254,'2023-11-07',17,11),(2255,'2023-11-07',17,7),(2256,'2023-11-07',17,3),(2257,'2023-11-07',17,2),(2258,'2023-11-07',15,31),(2259,'2023-11-07',15,13),(2260,'2023-11-07',15,3),(2261,'2023-11-07',14,41),(2262,'2023-11-07',14,2),(2263,'2023-11-07',14,1),(2264,'2023-11-07',13,3),(2265,'2023-11-07',13,2),(2266,'2023-11-07',11,13),(2267,'2023-11-07',11,7),(2268,'2023-11-07',10,5),(2269,'2023-11-07',10,3),(2270,'2023-11-07',10,2),(2271,'2023-11-07',10,1),(2272,'2023-11-07',9,13),(2273,'2023-11-07',9,7),(2274,'2023-11-07',9,3),(2275,'2023-11-07',8,3),(2276,'2023-11-07',8,2),(2277,'2023-11-07',8,1),(2278,'2023-11-07',7,37),(2279,'2023-11-07',7,3),(2280,'2023-11-07',7,2),(2281,'2023-11-07',6,7),(2282,'2023-11-07',6,3),(2283,'2023-11-07',6,2),(2284,'2023-11-07',5,37),(2285,'2023-11-07',5,13),(2286,'2023-11-07',5,11),(2287,'2023-11-07',5,3),(2288,'2023-11-07',5,2),(2289,'2023-11-07',5,1),(2290,'2023-11-07',4,3),(2291,'2023-11-07',4,2),(2292,'2023-11-07',3,7),(2293,'2023-11-07',3,3),(2294,'2023-11-07',3,2),(2295,'2023-11-07',2,11),(2296,'2023-11-07',2,7),(2297,'2023-11-07',1,7),(2298,'2023-11-07',1,3),(2299,'2023-11-07',1,2),(2300,'2023-11-07',1,1),(2301,'2023-11-09',21,3),(2302,'2023-11-09',19,59),(2303,'2023-11-09',19,7),(2304,'2023-11-09',17,11),(2305,'2023-11-09',17,7),(2306,'2023-11-09',17,3),(2307,'2023-11-09',17,2),(2308,'2023-11-09',15,31),(2309,'2023-11-09',15,13),(2310,'2023-11-09',15,3),(2311,'2023-11-09',14,41),(2312,'2023-11-09',14,2),(2313,'2023-11-09',14,1),(2314,'2023-11-09',13,3),(2315,'2023-11-09',13,2),(2316,'2023-11-09',11,13),(2317,'2023-11-09',11,7),(2318,'2023-11-09',10,5),(2319,'2023-11-09',10,3),(2320,'2023-11-09',10,2),(2321,'2023-11-09',10,1),(2322,'2023-11-09',9,13),(2323,'2023-11-09',9,7),(2324,'2023-11-09',9,3),(2325,'2023-11-09',8,3),(2326,'2023-11-09',8,2),(2327,'2023-11-09',8,1),(2328,'2023-11-09',7,37),(2329,'2023-11-09',7,3),(2330,'2023-11-09',7,2),(2331,'2023-11-09',6,7),(2332,'2023-11-09',6,3),(2333,'2023-11-09',6,2),(2334,'2023-11-09',5,37),(2335,'2023-11-09',5,13),(2336,'2023-11-09',5,11),(2337,'2023-11-09',5,3),(2338,'2023-11-09',5,2),(2339,'2023-11-09',5,1),(2340,'2023-11-09',4,3),(2341,'2023-11-09',4,2),(2342,'2023-11-09',3,7),(2343,'2023-11-09',3,3),(2344,'2023-11-09',3,2),(2345,'2023-11-09',2,11),(2346,'2023-11-09',2,7),(2347,'2023-11-09',1,7),(2348,'2023-11-09',1,3),(2349,'2023-11-09',1,2),(2350,'2023-11-09',1,1),(2351,'2023-12-13',21,3),(2352,'2023-12-13',19,59),(2353,'2023-12-13',19,7),(2354,'2023-12-13',17,11),(2355,'2023-12-13',17,7),(2356,'2023-12-13',17,3),(2357,'2023-12-13',17,2),(2358,'2023-12-13',15,31),(2359,'2023-12-13',15,13),(2360,'2023-12-13',15,3),(2361,'2023-12-13',14,41),(2362,'2023-12-13',14,2),(2363,'2023-12-13',14,1),(2364,'2023-12-13',13,3),(2365,'2023-12-13',13,2),(2366,'2023-12-13',11,13),(2367,'2023-12-13',11,7),(2368,'2023-12-13',10,5),(2369,'2023-12-13',10,3),(2370,'2023-12-13',10,2),(2371,'2023-12-13',10,1),(2372,'2023-12-13',9,13),(2373,'2023-12-13',9,7),(2374,'2023-12-13',9,3),(2375,'2023-12-13',8,3),(2376,'2023-12-13',8,2),(2377,'2023-12-13',8,1),(2378,'2023-12-13',7,37),(2379,'2023-12-13',7,3),(2380,'2023-12-13',7,2),(2381,'2023-12-13',6,7),(2382,'2023-12-13',6,3),(2383,'2023-12-13',6,2),(2384,'2023-12-13',5,37),(2385,'2023-12-13',5,13),(2386,'2023-12-13',5,11),(2387,'2023-12-13',5,3),(2388,'2023-12-13',5,2),(2389,'2023-12-13',5,1),(2390,'2023-12-13',4,3),(2391,'2023-12-13',4,2),(2392,'2023-12-13',3,7),(2393,'2023-12-13',3,3),(2394,'2023-12-13',3,2),(2395,'2023-12-13',2,11),(2396,'2023-12-13',2,7),(2397,'2023-12-13',1,7),(2398,'2023-12-13',1,3),(2399,'2023-12-13',1,2),(2400,'2023-12-13',1,1),(2401,'2023-12-15',21,3),(2402,'2023-12-15',19,59),(2403,'2023-12-15',19,7),(2404,'2023-12-15',17,11),(2405,'2023-12-15',17,7),(2406,'2023-12-15',17,3),(2407,'2023-12-15',17,2),(2408,'2023-12-15',15,31),(2409,'2023-12-15',15,13),(2410,'2023-12-15',15,3),(2411,'2023-12-15',14,41),(2412,'2023-12-15',14,2),(2413,'2023-12-15',14,1),(2414,'2023-12-15',13,3),(2415,'2023-12-15',13,2),(2416,'2023-12-15',11,13),(2417,'2023-12-15',11,7),(2418,'2023-12-15',10,5),(2419,'2023-12-15',10,3),(2420,'2023-12-15',10,2),(2421,'2023-12-15',10,1),(2422,'2023-12-15',9,13),(2423,'2023-12-15',9,7),(2424,'2023-12-15',9,3),(2425,'2023-12-15',8,3),(2426,'2023-12-15',8,2),(2427,'2023-12-15',8,1),(2428,'2023-12-15',7,37),(2429,'2023-12-15',7,3),(2430,'2023-12-15',7,2),(2431,'2023-12-15',6,7),(2432,'2023-12-15',6,3),(2433,'2023-12-15',6,2),(2434,'2023-12-15',5,37),(2435,'2023-12-15',5,13),(2436,'2023-12-15',5,11),(2437,'2023-12-15',5,3),(2438,'2023-12-15',5,2),(2439,'2023-12-15',5,1),(2440,'2023-12-15',4,3),(2441,'2023-12-15',4,2),(2442,'2023-12-15',3,7),(2443,'2023-12-15',3,3),(2444,'2023-12-15',3,2),(2445,'2023-12-15',2,11),(2446,'2023-12-15',2,7),(2447,'2023-12-15',1,7),(2448,'2023-12-15',1,3),(2449,'2023-12-15',1,2),(2450,'2023-12-15',1,1),(2451,'2023-12-19',21,3),(2452,'2023-12-19',19,59),(2453,'2023-12-19',19,7),(2454,'2023-12-19',17,11),(2455,'2023-12-19',17,7),(2456,'2023-12-19',17,3),(2457,'2023-12-19',17,2),(2458,'2023-12-19',15,31),(2459,'2023-12-19',15,13),(2460,'2023-12-19',15,3),(2461,'2023-12-19',14,41),(2462,'2023-12-19',14,2),(2463,'2023-12-19',14,1),(2464,'2023-12-19',13,3),(2465,'2023-12-19',13,2),(2466,'2023-12-19',11,13),(2467,'2023-12-19',11,7),(2468,'2023-12-19',10,5),(2469,'2023-12-19',10,3),(2470,'2023-12-19',10,2),(2471,'2023-12-19',10,1),(2472,'2023-12-19',9,13),(2473,'2023-12-19',9,7),(2474,'2023-12-19',9,3),(2475,'2023-12-19',8,3),(2476,'2023-12-19',8,2),(2477,'2023-12-19',8,1),(2478,'2023-12-19',7,37),(2479,'2023-12-19',7,3),(2480,'2023-12-19',7,2),(2481,'2023-12-19',6,7),(2482,'2023-12-19',6,3),(2483,'2023-12-19',6,2),(2484,'2023-12-19',5,37),(2485,'2023-12-19',5,13),(2486,'2023-12-19',5,11),(2487,'2023-12-19',5,3),(2488,'2023-12-19',5,2),(2489,'2023-12-19',5,1),(2490,'2023-12-19',4,3),(2491,'2023-12-19',4,2),(2492,'2023-12-19',3,7),(2493,'2023-12-19',3,3),(2494,'2023-12-19',3,2),(2495,'2023-12-19',2,11),(2496,'2023-12-19',2,7),(2497,'2023-12-19',1,7),(2498,'2023-12-19',1,3),(2499,'2023-12-19',1,2),(2500,'2023-12-19',1,1);
/*!40000 ALTER TABLE `asistencia` ENABLE KEYS */;
UNLOCK TABLES;

--
-- Table structure for table `ciudades`
--

DROP TABLE IF EXISTS `ciudades`;
/*!40101 SET @saved_cs_client     = @@character_set_client */;
/*!50503 SET character_set_client = utf8mb4 */;
CREATE TABLE `ciudades` (
  `idCiudad` int NOT NULL,
  `nombre` varchar(255) NOT NULL,
  PRIMARY KEY (`idCiudad`)
) ENGINE=InnoDB DEFAULT CHARSET=utf8mb4 COLLATE=utf8mb4_0900_ai_ci;
/*!40101 SET character_set_client = @saved_cs_client */;

--
-- Dumping data for table `ciudades`
--

LOCK TABLES `ciudades` WRITE;
/*!40000 ALTER TABLE `ciudades` DISABLE KEYS */;
INSERT INTO `ciudades` VALUES (7,'Tres Arroyos'),(9,'Escobar'),(11,'Pilar'),(13,'Ezeiza'),(15,'Tandil');
/*!40000 ALTER TABLE `ciudades` ENABLE KEYS */;
UNLOCK TABLES;

--
-- Table structure for table `clases`
--

DROP TABLE IF EXISTS `clases`;
/*!40101 SET @saved_cs_client     = @@character_set_client */;
/*!50503 SET character_set_client = utf8mb4 */;
CREATE TABLE `clases` (
  `idClase` int NOT NULL AUTO_INCREMENT,
  `nombre` varchar(255) NOT NULL,
  `escuelaIdEscuela` int DEFAULT NULL,
  `profesorIdProfesor` int DEFAULT NULL,
  PRIMARY KEY (`idClase`),
  KEY `FK_Escuela` (`escuelaIdEscuela`),
  KEY `FK_Profesor` (`profesorIdProfesor`),
  CONSTRAINT `FK_Escuela` FOREIGN KEY (`escuelaIdEscuela`) REFERENCES `escuelas` (`idEscuela`) ON DELETE CASCADE ON UPDATE CASCADE,
  CONSTRAINT `FK_Profesor` FOREIGN KEY (`profesorIdProfesor`) REFERENCES `profesores` (`idProfesor`) ON DELETE CASCADE ON UPDATE CASCADE
) ENGINE=InnoDB AUTO_INCREMENT=22 DEFAULT CHARSET=utf8mb4 COLLATE=utf8mb4_0900_ai_ci;
/*!40101 SET character_set_client = @saved_cs_client */;

--
-- Dumping data for table `clases`
--

LOCK TABLES `clases` WRITE;
/*!40000 ALTER TABLE `clases` DISABLE KEYS */;
INSERT INTO `clases` VALUES (1,'Bag',12,25),(2,'Bag',48,25),(3,'Bag',22,38),(4,'Beverages',22,78),(5,'Beverages',12,78),(6,'Beverages',26,78),(7,'Credit card',23,27),(8,'Credit card',12,27),(9,'Credit card',26,27),(10,'Delicatessen',12,90),(11,'Delicatessen',34,90),(12,'Delicatessen',30,90),(13,'Fridge',23,46),(14,'Fridge',12,46),(15,'Fruit',34,67),(16,'Fruit',30,67),(17,'Fruit',26,67),(18,'Fresh flowers',47,86),(19,'Fresh flowers',48,86),(20,'Fresh flowers',34,86),(21,'Fresh flowers',30,86);
/*!40000 ALTER TABLE `clases` ENABLE KEYS */;
UNLOCK TABLES;

--
-- Table structure for table `clases_estudiantes_estudiantes`
--

DROP TABLE IF EXISTS `clases_estudiantes_estudiantes`;
/*!40101 SET @saved_cs_client     = @@character_set_client */;
/*!50503 SET character_set_client = utf8mb4 */;
CREATE TABLE `clases_estudiantes_estudiantes` (
  `clasesIdClase` int NOT NULL,
  `estudiantesIdEstudiante` int NOT NULL,
  PRIMARY KEY (`clasesIdClase`,`estudiantesIdEstudiante`),
  KEY `IDX_Clase` (`clasesIdClase`),
  KEY `IDX_Estudiante` (`estudiantesIdEstudiante`),
  CONSTRAINT `IDX_Clase` FOREIGN KEY (`clasesIdClase`) REFERENCES `clases` (`idClase`) ON DELETE CASCADE ON UPDATE CASCADE,
  CONSTRAINT `IDX_Estudiante` FOREIGN KEY (`estudiantesIdEstudiante`) REFERENCES `estudiantes` (`idEstudiante`) ON DELETE CASCADE ON UPDATE CASCADE
) ENGINE=InnoDB DEFAULT CHARSET=utf8mb4 COLLATE=utf8mb4_0900_ai_ci;
/*!40101 SET character_set_client = @saved_cs_client */;

--
-- Dumping data for table `clases_estudiantes_estudiantes`
--

LOCK TABLES `clases_estudiantes_estudiantes` WRITE;
/*!40000 ALTER TABLE `clases_estudiantes_estudiantes` DISABLE KEYS */;
INSERT INTO `clases_estudiantes_estudiantes` VALUES (1,1),(1,2),(1,3),(1,7),(2,6),(2,7),(2,11),(3,2),(3,3),(3,6),(3,7),(3,8),(3,49),(3,51),(4,2),(4,3),(4,9),(4,45),(4,76),(5,1),(5,2),(5,3),(5,9),(5,11),(5,13),(5,24),(5,37),(6,2),(6,3),(6,6),(6,7),(6,9),(6,94),(7,2),(7,3),(7,16),(7,24),(7,37),(7,57),(7,68),(8,1),(8,2),(8,3),(8,6),(8,14),(8,51),(8,84),(9,3),(9,6),(9,7),(9,9),(9,13),(9,68),(9,72),(9,84),(10,1),(10,2),(10,3),(10,5),(10,6),(10,8),(10,9),(10,49),(11,7),(11,13),(11,14),(11,15),(13,2),(13,3),(13,6),(13,15),(14,1),(14,2),(14,6),(14,41),(14,44),(15,3),(15,6),(15,8),(15,13),(15,31),(15,58),(15,65),(16,6),(16,24),(17,2),(17,3),(17,7),(17,8),(17,11),(17,56),(17,81),(18,33),(19,6),(19,7),(19,8),(19,33),(19,59),(20,6),(20,68),(21,3),(21,6),(21,42),(21,55);
/*!40000 ALTER TABLE `clases_estudiantes_estudiantes` ENABLE KEYS */;
UNLOCK TABLES;

--
-- Table structure for table `escuelas`
--

DROP TABLE IF EXISTS `escuelas`;
/*!40101 SET @saved_cs_client     = @@character_set_client */;
/*!50503 SET character_set_client = utf8mb4 */;
CREATE TABLE `escuelas` (
  `idEscuela` int NOT NULL,
  `nombre` varchar(255) NOT NULL,
  `domicilio` varchar(255) NOT NULL,
  `ciudadIdCiudad` int DEFAULT NULL,
  PRIMARY KEY (`idEscuela`),
  KEY `FK_Ciudad` (`ciudadIdCiudad`),
  CONSTRAINT `FK_Ciudad` FOREIGN KEY (`ciudadIdCiudad`) REFERENCES `ciudades` (`idCiudad`) ON DELETE CASCADE ON UPDATE CASCADE
) ENGINE=InnoDB DEFAULT CHARSET=utf8mb4 COLLATE=utf8mb4_0900_ai_ci;
/*!40101 SET character_set_client = @saved_cs_client */;

--
-- Dumping data for table `escuelas`
--

LOCK TABLES `escuelas` WRITE;
/*!40000 ALTER TABLE `escuelas` DISABLE KEYS */;
INSERT INTO `escuelas` VALUES (12,'Escuela N. 12 - Hubbard, Melvin','5483 Dictum Ctra.',9),(19,'Escuela N. 19 - Allen, Merrill','4958 Vitae Avda.',15),(21,'Escuela N. 21 - Soto, Anjolie','1138 Amet Ctra.',15),(22,'Escuela N. 22 - Cooper, Jacob','Apartado nm.: 268, 1455 Volutpat ',7),(23,'Escuela N. 23 - Boyle, Drew','663-3481 Nisl. Ctra.',13),(26,'Escuela N. 26 - Frye, Daniel','2404 Sodales Calle',13),(28,'Escuela N. 28 - Burgess, Brady','Apdo.:912-3139 Ante C.',11),(30,'Escuela N. 30 - Sweeney, Constance','Apartado nm.: 158, 9519 Tincidunt Avenida',7),(34,'Escuela N. 34 - Noel, Alexandra','Apartado nm.: 664, 2069 A, Av.',11),(40,'Escuela N. 40 - Herring, Whoopi','869 Quisque C.',11),(47,'Escuela N. 47 - Campbell, Zorita','576-8561 Quis Ctra.',9),(48,'Escuela N. 48 - Morton, Uriah','853-9564 Eu C/',13);
/*!40000 ALTER TABLE `escuelas` ENABLE KEYS */;
UNLOCK TABLES;

--
-- Table structure for table `estudiantes`
--

DROP TABLE IF EXISTS `estudiantes`;
/*!40101 SET @saved_cs_client     = @@character_set_client */;
/*!50503 SET character_set_client = utf8mb4 */;
CREATE TABLE `estudiantes` (
  `idEstudiante` int NOT NULL,
  `apellidoNombres` varchar(255) NOT NULL,
  `fechaNacimiento` varchar(255) NOT NULL,
  PRIMARY KEY (`idEstudiante`)
) ENGINE=InnoDB DEFAULT CHARSET=utf8mb4 COLLATE=utf8mb4_0900_ai_ci;
/*!40101 SET character_set_client = @saved_cs_client */;

--
-- Dumping data for table `estudiantes`
--

LOCK TABLES `estudiantes` WRITE;
/*!40000 ALTER TABLE `estudiantes` DISABLE KEYS */;
INSERT INTO `estudiantes` VALUES (1,'Hale, Xerxes','2010-01-02'),(2,'Leblanc, Brent','2010-01-04'),(3,'Shannon, Kasper','2010-01-06'),(5,'Bullock, Kai','2010-01-10'),(6,'Hyde, Calvin','2010-01-12'),(7,'Brennan, Rina','2010-01-14'),(8,'Savage, Mari','2010-01-16'),(9,'Estes, Azalia','2010-01-18'),(11,'Alvarado, Lane','2010-01-22'),(13,'Knowles, Miranda','2010-01-26'),(14,'Lara, Ayanna','2010-01-28'),(15,'Phelps, Clio','2010-01-30'),(16,'Burch, Richard','2010-02-01'),(20,'Valenzuela, Barclay','2010-02-09'),(24,'Dorsey, Kermit','2010-02-17'),(29,'Merrill, Oscar','2010-02-27'),(31,'Wong, Jescie','2010-03-03'),(32,'Garrison, Jade','2010-03-05'),(33,'Levine, Cameran','2010-03-07'),(35,'Mccormick, Melissa','2010-03-11'),(37,'Parrish, Chandler','2010-03-15'),(39,'Rose, Anthony','2010-03-19'),(41,'Miranda, Maryam','2010-03-23'),(42,'Potts, Linus','2010-03-25'),(43,'Roy, Chancellor','2010-03-27'),(44,'Gallagher, Lana','2010-03-29'),(45,'Tyson, Azalia','2010-03-31'),(49,'Daugherty, Jescie','2010-04-08'),(50,'Kinney, Charde','2010-04-10'),(51,'Ramos, Candice','2010-04-12'),(52,'Baker, Wanda','2010-04-14'),(53,'Bernard, Quyn','2010-04-16'),(55,'Casey, Camden','2010-04-20'),(56,'Myers, Darius','2010-04-22'),(57,'Morgan, Cecilia','2010-04-24'),(58,'Stokes, Kaye','2010-04-26'),(59,'Cooke, Rebekah','2010-04-28'),(65,'Langley, Ciaran','2010-05-10'),(68,'Moreno, Lacota','2010-05-16'),(69,'Cole, Kyla','2010-05-18'),(70,'Leblanc, Bianca','2010-05-20'),(71,'Boyer, Madonna','2010-05-22'),(72,'Clemons, Denise','2010-05-24'),(73,'Bishop, Guy','2010-05-26'),(74,'Moss, Lamar','2010-05-28'),(76,'Francis, Lucas','2010-06-01'),(77,'Schroeder, Regan','2010-06-03'),(79,'Harris, Maxine','2010-06-07'),(80,'Rose, Baker','2010-06-09'),(81,'Oconnor, Hu','2010-06-11'),(82,'Sutton, Faith','2010-06-13'),(84,'Savage, Samantha','2010-06-17'),(85,'Bond, Kiara','2010-06-19'),(88,'Barker, Francis','2010-06-25'),(93,'Meyers, Julie','2010-07-05'),(94,'Randolph, Eric','2010-07-07'),(96,'Kline, Preston','2010-07-11'),(99,'Ryan, Brynn','2010-07-17');
/*!40000 ALTER TABLE `estudiantes` ENABLE KEYS */;
UNLOCK TABLES;

--
-- Table structure for table `ingreso`
--

DROP TABLE IF EXISTS `ingreso`;
/*!40101 SET @saved_cs_client     = @@character_set_client */;
/*!50503 SET character_set_client = utf8mb4 */;
CREATE TABLE `ingreso` (
  `usuario` varchar(255) NOT NULL,
  `palabra` varchar(255) NOT NULL,
  PRIMARY KEY (`usuario`)
) ENGINE=InnoDB DEFAULT CHARSET=utf8mb4 COLLATE=utf8mb4_0900_ai_ci;
/*!40101 SET character_set_client = @saved_cs_client */;

--
-- Dumping data for table `ingreso`
--

LOCK TABLES `ingreso` WRITE;
/*!40000 ALTER TABLE `ingreso` DISABLE KEYS */;
INSERT INTO `ingreso` VALUES ('mauri','cio');
/*!40000 ALTER TABLE `ingreso` ENABLE KEYS */;
UNLOCK TABLES;

--
-- Table structure for table `profesores`
--

DROP TABLE IF EXISTS `profesores`;
/*!40101 SET @saved_cs_client     = @@character_set_client */;
/*!50503 SET character_set_client = utf8mb4 */;
CREATE TABLE `profesores` (
  `idProfesor` int NOT NULL,
  `apellidoNombres` varchar(255) NOT NULL,
  PRIMARY KEY (`idProfesor`)
) ENGINE=InnoDB DEFAULT CHARSET=utf8mb4 COLLATE=utf8mb4_0900_ai_ci;
/*!40101 SET character_set_client = @saved_cs_client */;

--
-- Dumping data for table `profesores`
--

LOCK TABLES `profesores` WRITE;
/*!40000 ALTER TABLE `profesores` DISABLE KEYS */;
INSERT INTO `profesores` VALUES (25,'Summers, Galvin'),(27,'Swanson, Mason'),(38,'Pollard, Hayes'),(46,'Copeland, Suki'),(62,'Pollard, Ursula'),(66,'Robbins, Tasha'),(67,'Ray, Regina'),(78,'Page, Sloane'),(86,'Moreno, Lavinia'),(90,'Holloway, Nomlanga');
/*!40000 ALTER TABLE `profesores` ENABLE KEYS */;
UNLOCK TABLES;

--
-- Dumping routines for database 'escolar'
--
/*!50003 DROP FUNCTION IF EXISTS `esPrimo` */;
/*!50003 SET @saved_cs_client      = @@character_set_client */ ;
/*!50003 SET @saved_cs_results     = @@character_set_results */ ;
/*!50003 SET @saved_col_connection = @@collation_connection */ ;
/*!50003 SET character_set_client  = utf8mb4 */ ;
/*!50003 SET character_set_results = utf8mb4 */ ;
/*!50003 SET collation_connection  = utf8mb4_0900_ai_ci */ ;
/*!50003 SET @saved_sql_mode       = @@sql_mode */ ;
/*!50003 SET sql_mode              = 'STRICT_TRANS_TABLES,NO_ENGINE_SUBSTITUTION' */ ;
DELIMITER ;;
CREATE DEFINER=`root`@`localhost` FUNCTION `esPrimo`(n int) RETURNS tinyint(1)
    DETERMINISTIC
BEGIN
DECLARE i INTEGER;
	SET i = 2;
	WHILE i < n DO
		IF (n % i) = 0 then
			RETURN false;
		END IF;
        SET i = i + 1;
	END WHILE;
RETURN true;
END ;;
DELIMITER ;
/*!50003 SET sql_mode              = @saved_sql_mode */ ;
/*!50003 SET character_set_client  = @saved_cs_client */ ;
/*!50003 SET character_set_results = @saved_cs_results */ ;
/*!50003 SET collation_connection  = @saved_col_connection */ ;
/*!40103 SET TIME_ZONE=@OLD_TIME_ZONE */;

/*!40101 SET SQL_MODE=@OLD_SQL_MODE */;
/*!40014 SET FOREIGN_KEY_CHECKS=@OLD_FOREIGN_KEY_CHECKS */;
/*!40014 SET UNIQUE_CHECKS=@OLD_UNIQUE_CHECKS */;
/*!40101 SET CHARACTER_SET_CLIENT=@OLD_CHARACTER_SET_CLIENT */;
/*!40101 SET CHARACTER_SET_RESULTS=@OLD_CHARACTER_SET_RESULTS */;
/*!40101 SET COLLATION_CONNECTION=@OLD_COLLATION_CONNECTION */;
/*!40111 SET SQL_NOTES=@OLD_SQL_NOTES */;

-- Dump completed on 2023-07-24 18:49:45
